Albania,13:48:00,0
Gabon,01:13:00,2
Amdorra,08:56:00,4
Amenia,11:21:00,8
Cambodia,13:51:00,12
Chile,23:45:00,14
Austria,07:13:00,22
Greece,12:08:00,26
Czechia (Czech Republic),02:51:00,26
Ethiopia,08:07:00,28
Colombia,08:56:00,28
Austria,05:43:00,29
Cabo Verde,05:43:00,31
Guinea,19:43:00,34
China,10:29:00,41
Czechia (Czech Republic),10:29:00,45
Croatia,18:43:00,50
Bulgaria,13:51:00,50
Bulgaria,07:29:00,50
Brazil,19:38:00,51
Denmark,02:53:00,52
Ethiopia,13:51:00,54
Cyprus,16:08:00,55
Ethiopia,08:20:00,55
Dominica,10:14:00,65
Austria,08:29:00,65
Grenada,18:43:00,66
Congo (Congo-Brazzaville),05:41:00,66
Cabo Verde,10:14:00,68
Croatia,16:08:00,70
Guinea,02:53:00,71
Eritrea,13:12:00,72
El Salvador,18:43:00,72
Guinea,02:51:00,72
Comoros,16:36:00,74
Croatia,15:00:00,74
Greece,07:21:00,75
Chad,19:43:00,76
Finland,15:20:00,81
Germany,16:29:00,82
Gambia,07:13:00,83
Amenia,08:46:00,85
Eswatini (fmr.Swaziland),13:12:00,87
China,04:57:00,89
Eswatini (fmr.Swaziland),08:46:00,89
Ecuador,06:35:00,89
Bahrain,16:36:00,90
Chile,03:19:00,92
Gabon,03:19:00,95
Finland,10:29:00,97
China,12:08:00,97
Austria,04:18:00,99
Czechia (Czech Republic),16:24:00,101
Cyprus,08:56:00,102
Brazil,01:13:00,105
Colombia,23:23:00,106
Barbados,23:10:00,107
Eritrea,04:52:00,108
Costa Rica,16:08:00,109
Djibouti,08:07:00,110
Albania,10:43:00,111
Gambia,08:20:00,116
Ghana,19:43:00,117
Dominican Republic,02:51:00,118
El Salvador,02:54:00,121
Grenada,07:29:00,122
Ecuador,04:52:00,127
Chad,01:13:00,131
Czechia (Czech Republic),07:13:00,131
Albania,03:35:00,132
Cuba,16:08:00,133
Ecuador,04:18:00,134
Eswatini (fmr.Swaziland),23:10:00,135
Fiji,02:53:00,136
Dominican Republic,16:22:00,136
Grenada,04:18:00,138
France,15:20:00,139
Chile,16:36:00,141
Argentina,04:18:00,143
Greece,06:35:00,144
Estonia,07:29:00,145
Bahrain,06:23:00,149
Comoros,13:48:00,150
Grenada,02:54:00,151
Cambodia,01:27:00,155
Argentina,13:27:00,159
Greece,16:29:00,159
Bahama,06:35:00,159
Croatia,08:29:00,168
Amdorra,06:35:00,169
Canada,01:27:00,173
Grenada,03:35:00,173
Dominican Republic,04:18:00,175
Equatorial Guinea,15:20:00,175
Central African Republic,18:43:00,178
Denmark,23:23:00,182
Greece,10:43:00,182
Colombia,03:19:00,184
Guatemaia,19:38:00,184
Djibouti,02:54:00,186
El Salvador,10:43:00,188
Chile,10:43:00,191
Germany,08:07:00,196
Ethiopia,02:51:00,196
Barbados,08:20:00,197
Costa Rica,08:46:00,201
Estonia,23:45:00,202
Canada,10:43:00,204
Democratic Republic of the Congo,08:29:00,205
Cyprus,18:53:00,206
Greece,01:27:00,206
Cambodia,08:20:00,207
Croatia,17:27:00,208
Cambodia,13:48:00,208
Brazil,06:35:00,214
Bulgaria,15:00:00,215
Gambia,19:38:00,216
Chile,02:53:00,216
Chad,03:19:00,216
Austria,13:51:00,216
Bulgaria,10:29:00,218
Central African Republic,10:43:00,219
Amdorra,04:18:00,220
China,03:19:00,221
Ethiopia,13:27:00,224
Georgia,16:24:00,225
Democratic Republic of the Congo,01:13:00,226
China,04:52:00,226
Austria,16:24:00,228
Ecuador,07:21:00,228
Central African Republic,01:27:00,229
Greece,16:24:00,229
Eswatini (fmr.Swaziland),01:27:00,230
Bulgaria,12:08:00,234
Ecuador,02:54:00,234
Cabo Verde,16:22:00,235
Barbados,06:35:00,235
Eswatini (fmr.Swaziland),19:38:00,237
Central African Republic,02:53:00,239
Guatemaia,16:29:00,239
El Salvador,15:00:00,240
Argentina,23:25:00,241
Brazil,16:08:00,241
Grenada,15:20:00,242
Dominican Republic,23:25:00,242
Bahama,04:57:00,243
Bahrain,18:43:00,243
Barbados,07:21:00,244
Egypt,02:53:00,245
Gambia,04:18:00,248
Comoros,13:27:00,248
Equatorial Guinea,06:23:00,249
Argentina,23:23:00,250
Bahrain,07:13:00,250
Brazil,08:20:00,250
Cuba,04:52:00,251
Greece,08:20:00,253
Albania,16:29:00,253
Amdorra,02:53:00,256
France,04:57:00,256
Bahama,01:13:00,257
Georgia,10:14:00,258
Fiji,19:38:00,259
Comoros,10:43:00,260
Chile,12:08:00,260
Cyprus,16:29:00,264
Denmark,18:53:00,266
Ghana,06:23:00,267
Comoros,13:12:00,268
Chad,23:45:00,271
Argentina,16:22:00,272
Ecuador,01:13:00,273
Cambodia,04:18:00,276
Austria,07:21:00,276
Equatorial Guinea,13:12:00,276
Cabo Verde,23:23:00,277
Dominica,15:00:00,278
Congo (Congo-Brazzaville),01:27:00,282
Grenada,11:21:00,282
Finland,16:29:00,282
El Salvador,13:48:00,284
Grenada,15:00:00,284
Guatemaia,23:45:00,284
Grenada,02:53:00,285
Cuba,16:22:00,285
Grenada,10:29:00,286
Amenia,08:56:00,286
Cuba,18:53:00,287
Equatorial Guinea,05:43:00,287
Eswatini (fmr.Swaziland),04:52:00,291
China,10:43:00,292
Finland,03:35:00,297
Egypt,13:27:00,297
Guinea,07:29:00,298
Gabon,23:45:00,300
Comoros,05:43:00,300
Cabo Verde,08:56:00,300
France,08:20:00,303
Djibouti,04:57:00,306
Bulgaria,15:20:00,306
China,13:48:00,307
Comoros,01:13:00,308
Congo (Congo-Brazzaville),13:48:00,310
Georgia,01:13:00,311
Czechia (Czech Republic),23:25:00,313
Bahrain,08:20:00,314
Gabon,15:20:00,314
Ethiopia,23:23:00,316
Chad,13:27:00,316
Colombia,07:29:00,317
Bahama,06:23:00,317
Djibouti,07:29:00,317
Congo (Congo-Brazzaville),19:43:00,318
Cuba,02:51:00,319
Egypt,17:27:00,321
Cabo Verde,15:00:00,321
Colombia,18:53:00,324
Greece,10:14:00,324
Amenia,16:08:00,324
Gambia,23:45:00,324
Fiji,13:12:00,325
Czechia (Czech Republic),13:51:00,326
Eswatini (fmr.Swaziland),16:08:00,327
Costa Rica,07:29:00,328
Guatemaia,13:51:00,331
Gambia,16:36:00,332
Finland,10:43:00,335
Greece,07:29:00,335
Congo (Congo-Brazzaville),23:25:00,335
Egypt,07:29:00,336
Czechia (Czech Republic),04:18:00,336
Comoros,10:14:00,336
Denmark,10:43:00,337
Colombia,03:35:00,338
Cambodia,10:14:00,339
Fiji,23:45:00,339
Chile,17:27:00,339
Denmark,08:40:00,340
Guatemaia,05:43:00,341
Argentina,02:51:00,342
Congo (Congo-Brazzaville),12:08:00,342
Georgia,15:00:00,343
Bahama,08:46:00,345
Djibouti,12:08:00,346
Denmark,03:19:00,346
Cyprus,17:27:00,346
France,08:46:00,347
Bahrain,10:43:00,347
Bahama,18:53:00,348
China,06:35:00,350
France,08:29:00,350
Fiji,04:52:00,350
Amdorra,13:27:00,351
Canada,10:14:00,352
Finland,04:57:00,353
Costa Rica,15:00:00,355
Fiji,08:40:00,355
Canada,18:53:00,355
Fiji,11:21:00,355
Guinea,12:08:00,356
Ghana,12:08:00,357
Bahama,08:29:00,357
Cyprus,18:43:00,357
Barbados,11:21:00,360
Ghana,11:21:00,361
Fiji,16:36:00,363
Fiji,02:51:00,363
China,16:22:00,363
Dominican Republic,10:43:00,364
Barbados,16:36:00,365
Ethiopia,16:29:00,365
Dominica,17:27:00,366
Equatorial Guinea,18:43:00,366
Guinea,15:20:00,366
Ghana,16:22:00,367
Georgia,12:08:00,368
Guinea,23:25:00,369
Eswatini (fmr.Swaziland),13:27:00,370
Georgia,07:13:00,370
Grenada,01:13:00,371
Central African Republic,04:18:00,374
Costa Rica,04:52:00,375
Bahama,16:29:00,375
El Salvador,23:23:00,376
Comoros,16:08:00,378
Grenada,01:27:00,378
Amenia,23:25:00,378
Cuba,15:20:00,379
Austria,13:27:00,380
Germany,07:21:00,380
Congo (Congo-Brazzaville),08:07:00,381
Brazil,23:10:00,381
Bahrain,13:51:00,385
Ecuador,17:27:00,386
Cyprus,19:38:00,387
Cabo Verde,18:53:00,388
Guinea,06:35:00,391
Central African Republic,03:35:00,391
Amdorra,07:21:00,393
Eswatini (fmr.Swaziland),08:56:00,395
Colombia,08:07:00,396
Guatemaia,10:14:00,396
Democratic Republic of the Congo,02:53:00,396
Dominica,13:12:00,397
Cambodia,10:43:00,398
Croatia,23:10:00,398
Gabon,04:52:00,398
Ethiopia,16:36:00,399
Amenia,08:40:00,399
Germany,23:23:00,400
Chile,10:29:00,400
Gambia,01:27:00,401
France,15:00:00,404
Cuba,08:56:00,405
Grenada,06:23:00,405
Dominican Republic,12:08:00,407
France,07:13:00,408
Amdorra,05:43:00,408
Bulgaria,19:38:00,408
Ghana,10:29:00,409
Bahama,08:40:00,409
Finland,15:00:00,410
Canada,13:48:00,410
Austria,15:20:00,411
Guinea,10:14:00,411
Fiji,08:20:00,412
China,19:38:00,413
Ethiopia,03:35:00,413
Cuba,11:21:00,414
Djibouti,18:43:00,414
Croatia,02:53:00,414
Guatemaia,03:35:00,415
Estonia,07:21:00,418
Austria,10:29:00,419
Ghana,16:36:00,419
Ecuador,02:51:00,420
Chile,18:43:00,421
Ethiopia,07:29:00,421
China,16:08:00,422
Greece,16:36:00,422
Djibouti,10:29:00,424
Germany,08:20:00,424
Congo (Congo-Brazzaville),07:21:00,424
Dominica,13:27:00,425
Egypt,15:00:00,425
Democratic Republic of the Congo,02:54:00,425
Grenada,16:08:00,425
Ghana,23:10:00,426
Ethiopia,23:10:00,426
Croatia,23:23:00,426
Dominica,12:08:00,426
Dominica,07:13:00,427
Brazil,02:53:00,427
Grenada,19:38:00,427
Amdorra,13:51:00,427
Dominican Republic,16:29:00,428
Comoros,08:46:00,429
China,07:21:00,429
Eritrea,16:22:00,429
Bulgaria,03:19:00,429
Georgia,07:21:00,430
Ghana,23:45:00,432
Bahama,10:14:00,433
Argentina,06:23:00,433
Chile,04:18:00,434
Dominican Republic,15:20:00,434
Croatia,05:43:00,435
Dominican Republic,07:29:00,435
El Salvador,04:18:00,436
Ethiopia,07:21:00,438
Comoros,03:19:00,438
Eritrea,11:21:00,438
Denmark,08:29:00,442
Brazil,08:56:00,442
Greece,01:13:00,442
Czechia (Czech Republic),03:19:00,443
Cyprus,06:35:00,443
Costa Rica,04:57:00,443
Djibouti,16:29:00,443
Albania,04:52:00,444
Georgia,07:29:00,444
Amdorra,06:23:00,445
Democratic Republic of the Congo,02:51:00,446
Eswatini (fmr.Swaziland),02:54:00,447
Brazil,15:20:00,447
Dominican Republic,01:27:00,448
Albania,01:13:00,448
Equatorial Guinea,04:57:00,448
Canada,16:22:00,449
Colombia,16:29:00,450
Colombia,07:13:00,451
Chad,16:36:00,451
Djibouti,15:00:00,452
Eritrea,08:07:00,452
Guinea,01:13:00,452
Costa Rica,02:51:00,452
Dominica,18:43:00,453
Dominica,03:19:00,453
Croatia,02:51:00,454
Gabon,17:27:00,455
Canada,08:29:00,455
Congo (Congo-Brazzaville),03:35:00,456
Eswatini (fmr.Swaziland),16:22:00,457
Germany,07:13:00,460
Chad,08:40:00,461
Ecuador,03:35:00,462
Austria,06:23:00,465
France,16:24:00,466
Argentina,23:45:00,466
Cambodia,08:46:00,467
Amenia,04:52:00,468
El Salvador,02:53:00,469
Cyprus,08:20:00,471
Cyprus,13:12:00,471
Austria,08:46:00,472
Czechia (Czech Republic),05:43:00,473
Estonia,17:27:00,475
Ecuador,10:14:00,476
Georgia,15:20:00,476
Denmark,23:10:00,476
Barbados,07:13:00,476
Fiji,05:43:00,479
Finland,10:14:00,481
Grenada,23:25:00,481
Croatia,04:18:00,482
Czechia (Czech Republic),01:27:00,482
Greece,07:13:00,483
Germany,16:08:00,487
Cambodia,06:23:00,488
Brazil,07:29:00,489
Czechia (Czech Republic),06:23:00,489
Czechia (Czech Republic),23:10:00,489
Fiji,23:25:00,489
Central African Republic,15:00:00,490
Fiji,05:41:00,491
Cyprus,10:29:00,491
Guinea,15:00:00,492
Germany,18:53:00,493
France,10:29:00,494
Ecuador,18:43:00,494
Cyprus,04:18:00,495
Chad,11:21:00,495
Georgia,18:53:00,495
Cyprus,13:48:00,497
Cyprus,07:13:00,498
Cyprus,12:08:00,498
Georgia,23:45:00,499
Democratic Republic of the Congo,11:21:00,500
Fiji,19:43:00,500
Chad,03:35:00,504
El Salvador,07:13:00,504
Cyprus,23:45:00,505
El Salvador,03:19:00,505
Czechia (Czech Republic),18:53:00,506
Congo (Congo-Brazzaville),08:29:00,506
Gabon,16:36:00,507
El Salvador,16:24:00,507
Barbados,05:41:00,509
Chad,08:46:00,509
Germany,12:08:00,510
Barbados,10:43:00,510
Georgia,10:43:00,512
Central African Republic,16:36:00,513
Democratic Republic of the Congo,16:29:00,515
Costa Rica,23:10:00,515
Albania,10:29:00,517
Estonia,16:29:00,518
Czechia (Czech Republic),10:43:00,518
Ghana,19:38:00,518
Djibouti,05:41:00,518
Argentina,07:21:00,518
Fiji,01:27:00,519
Cuba,19:43:00,519
Bahrain,10:14:00,521
Estonia,15:00:00,523
Equatorial Guinea,08:40:00,524
Dominica,02:54:00,524
Colombia,13:27:00,524
Fiji,08:07:00,525
Guinea,19:38:00,526
Canada,07:29:00,527
Egypt,23:45:00,528
Dominica,19:43:00,529
China,02:53:00,530
France,13:48:00,531
Central African Republic,10:29:00,532
France,01:13:00,533
Grenada,03:19:00,534
Argentina,01:13:00,534
Ethiopia,11:21:00,534
Croatia,13:51:00,535
Ecuador,23:45:00,535
Greece,08:40:00,535
Ethiopia,18:43:00,536
Guatemaia,23:25:00,536
Cuba,23:10:00,536
Cambodia,16:29:00,537
Croatia,08:07:00,537
Canada,19:38:00,537
Czechia (Czech Republic),16:08:00,539
Equatorial Guinea,08:20:00,540
Amenia,03:35:00,540
Cuba,06:35:00,540
Ecuador,16:08:00,540
Chad,02:51:00,542
Austria,16:29:00,542
Georgia,04:18:00,542
Canada,10:29:00,542
Eritrea,01:27:00,543
Denmark,17:27:00,543
Guatemaia,06:23:00,544
Democratic Republic of the Congo,10:29:00,544
El Salvador,07:21:00,545
France,13:12:00,546
Ecuador,15:20:00,547
Chile,04:52:00,547
Denmark,18:43:00,547
Czechia (Czech Republic),06:35:00,547
Comoros,08:20:00,547
Canada,01:13:00,548
Germany,04:52:00,548
Gabon,02:54:00,549
Cabo Verde,18:43:00,549
Greece,02:53:00,549
Amenia,06:35:00,550
Chile,05:43:00,552
Gambia,06:23:00,552
Djibouti,16:36:00,554
Guatemaia,02:51:00,555
Dominican Republic,06:23:00,556
Bahrain,03:19:00,556
Central African Republic,02:51:00,557
Ecuador,11:21:00,557
Brazil,07:13:00,558
Chile,06:23:00,559
Congo (Congo-Brazzaville),16:24:00,559
Argentina,16:24:00,559
Ecuador,08:20:00,560
Dominican Republic,08:40:00,560
Guinea,13:27:00,560
Democratic Republic of the Congo,17:27:00,561
Chile,08:07:00,562
Cuba,07:21:00,562
Gambia,08:29:00,562
Guatemaia,11:21:00,563
Central African Republic,04:52:00,564
Chad,08:07:00,564
Eritrea,08:29:00,565
Ecuador,10:43:00,565
Cabo Verde,16:08:00,568
Chad,06:35:00,569
Cabo Verde,08:40:00,569
Eritrea,16:08:00,569
Ghana,05:43:00,571
France,04:18:00,571
Cuba,01:13:00,574
Amdorra,16:22:00,574
Germany,08:46:00,574
Estonia,08:40:00,575
Grenada,23:23:00,575
Bahrain,17:27:00,577
Cabo Verde,10:43:00,577
El Salvador,16:22:00,578
Gambia,16:29:00,578
Fiji,16:08:00,578
Czechia (Czech Republic),13:12:00,579
Guatemaia,18:53:00,579
Finland,03:19:00,580
Georgia,13:48:00,580
Georgia,05:43:00,580
Canada,05:41:00,581
Gabon,13:48:00,582
El Salvador,23:25:00,582
Cabo Verde,07:13:00,582
Gambia,18:53:00,582
Austria,11:21:00,583
Bahama,23:45:00,583
France,08:56:00,583
Democratic Republic of the Congo,03:35:00,583
Colombia,05:41:00,584
Finland,07:29:00,585
Chad,04:52:00,585
Chad,15:00:00,585
Estonia,01:13:00,585
Eswatini (fmr.Swaziland),08:40:00,586
Cambodia,05:43:00,586
Guinea,05:43:00,587
Costa Rica,08:40:00,587
Cambodia,15:00:00,589
Democratic Republic of the Congo,16:08:00,589
Chile,05:41:00,590
Bahrain,02:51:00,590
Dominica,06:35:00,590
Equatorial Guinea,19:38:00,591
Grenada,16:22:00,591
Germany,10:43:00,595
El Salvador,02:51:00,595
Comoros,13:51:00,595
Amdorra,16:29:00,596
Finland,16:08:00,597
Eswatini (fmr.Swaziland),06:23:00,597
France,08:40:00,597
Amenia,15:20:00,598
Ecuador,07:13:00,598
Austria,16:36:00,598
China,01:27:00,599
Chile,16:29:00,599
Cambodia,02:53:00,599
Bahama,01:27:00,600
Djibouti,08:20:00,600
Georgia,11:21:00,601
Central African Republic,23:25:00,602
Democratic Republic of the Congo,18:43:00,604
Barbados,10:14:00,606
Bahrain,23:25:00,606
Comoros,23:25:00,606
Gambia,16:08:00,606
Croatia,06:35:00,607
Amdorra,04:52:00,607
Chad,10:43:00,607
Colombia,01:13:00,609
Cambodia,23:23:00,609
Ethiopia,02:54:00,609
Denmark,05:43:00,610
Estonia,07:13:00,611
Canada,08:07:00,612
Eswatini (fmr.Swaziland),03:35:00,612
Austria,17:27:00,613
Central African Republic,08:40:00,613
Estonia,03:35:00,614
El Salvador,04:57:00,614
Democratic Republic of the Congo,01:27:00,615
Bahama,18:43:00,615
Comoros,02:51:00,617
Gabon,02:51:00,619
Ethiopia,23:25:00,620
Canada,02:53:00,620
Cuba,12:08:00,621
Democratic Republic of the Congo,19:43:00,621
Albania,13:27:00,622
Gabon,06:35:00,622
Chad,10:29:00,622
Estonia,23:10:00,623
Gambia,18:43:00,623
Finland,23:45:00,624
Gambia,13:27:00,624
Fiji,23:23:00,625
Cambodia,08:40:00,625
Barbados,12:08:00,626
Estonia,10:29:00,626
Equatorial Guinea,13:51:00,626
France,10:14:00,627
Barbados,16:29:00,628
Cabo Verde,06:35:00,629
China,08:29:00,630
Amdorra,10:14:00,631
Cabo Verde,15:20:00,631
Denmark,23:45:00,631
Amdorra,23:23:00,631
Ethiopia,15:20:00,632
Gambia,13:12:00,632
Ecuador,18:53:00,633
Croatia,16:29:00,634
Dominica,08:40:00,635
Grenada,08:07:00,635
Estonia,19:43:00,635
Amdorra,16:24:00,636
Austria,03:35:00,636
Amdorra,18:53:00,636
Austria,10:43:00,637
Guinea,16:29:00,637
Argentina,02:54:00,638
Greece,13:27:00,638
Cabo Verde,13:51:00,639
Cabo Verde,07:29:00,640
Fiji,02:54:00,640
Dominican Republic,18:43:00,640
Argentina,19:38:00,641
Democratic Republic of the Congo,16:22:00,641
Ecuador,10:29:00,642
Georgia,04:52:00,643
Gabon,10:14:00,643
Argentina,08:46:00,645
Bulgaria,16:08:00,647
Egypt,05:41:00,647
Grenada,04:57:00,647
Cabo Verde,01:27:00,649
Finland,18:43:00,649
Albania,07:29:00,651
Czechia (Czech Republic),12:08:00,651
Argentina,16:36:00,651
Gambia,23:23:00,651
Ghana,01:13:00,653
Djibouti,06:23:00,654
Croatia,10:43:00,654
Denmark,08:46:00,654
Canada,03:19:00,654
Costa Rica,17:27:00,655
El Salvador,12:08:00,656
Denmark,19:38:00,656
Egypt,06:23:00,656
Guatemaia,01:27:00,656
Eritrea,10:14:00,657
Congo (Congo-Brazzaville),16:08:00,657
Barbados,01:13:00,658
Greece,19:38:00,658
Colombia,23:45:00,659
Argentina,11:21:00,659
Cambodia,01:13:00,660
Dominican Republic,13:48:00,660
Ghana,04:18:00,661
Central African Republic,16:24:00,661
Djibouti,03:19:00,664
Gambia,19:15:00,664
Djibouti,17:27:00,665
Estonia,13:27:00,665
Cuba,08:07:00,665
Guatemaia,17:27:00,665
Egypt,13:48:00,666
Cuba,04:57:00,666
Chile,23:25:00,667
Croatia,07:29:00,667
Fiji,04:18:00,668
Ecuador,23:25:00,669
Georgia,16:36:00,670
Egypt,16:29:00,672
Djibouti,03:35:00,672
Comoros,08:29:00,672
Guinea,04:18:00,673
Estonia,16:22:00,673
Eswatini (fmr.Swaziland),08:29:00,673
Amenia,23:10:00,676
Dominica,16:36:00,677
Colombia,13:12:00,677
Costa Rica,08:56:00,678
Eswatini (fmr.Swaziland),10:43:00,680
Djibouti,11:21:00,680
Albania,23:10:00,681
Ecuador,16:36:00,681
Ghana,13:12:00,681
Germany,16:36:00,681
El Salvador,23:45:00,681
Cambodia,23:45:00,682
Cabo Verde,23:25:00,682
Congo (Congo-Brazzaville),02:54:00,682
Djibouti,19:38:00,683
Amdorra,10:43:00,683
Albania,16:36:00,683
Finland,01:13:00,685
Gambia,15:20:00,686
Brazil,15:00:00,686
Brazil,01:27:00,686
Czechia (Czech Republic),11:21:00,687
Bulgaria,04:57:00,688
Albania,01:27:00,688
Croatia,07:21:00,688
Equatorial Guinea,07:13:00,689
Chile,07:13:00,689
El Salvador,10:14:00,690
Gambia,11:21:00,690
Croatia,10:14:00,690
Egypt,03:19:00,692
Chile,16:24:00,693
Ghana,02:51:00,693
Ecuador,05:43:00,693
Equatorial Guinea,02:54:00,693
Bahrain,11:21:00,694
Eritrea,01:13:00,694
Democratic Republic of the Congo,16:24:00,696
Estonia,18:43:00,696
Comoros,15:20:00,696
Czechia (Czech Republic),18:43:00,696
Democratic Republic of the Congo,08:56:00,698
Amenia,05:41:00,698
Estonia,16:24:00,700
Chad,23:25:00,700
Comoros,16:22:00,701
Guinea,16:36:00,701
Georgia,19:38:00,703
Cyprus,13:51:00,703
Ecuador,01:27:00,703
Ghana,13:27:00,704
Cuba,08:40:00,704
Bahama,12:08:00,706
Gambia,05:41:00,706
Cabo Verde,02:53:00,706
Ghana,13:48:00,707
Eswatini (fmr.Swaziland),10:29:00,707
Greece,08:29:00,707
El Salvador,03:35:00,708
Central African Republic,07:21:00,708
Argentina,10:29:00,708
Bahama,08:07:00,709
Congo (Congo-Brazzaville),08:20:00,709
Cabo Verde,23:45:00,710
Cuba,19:38:00,710
El Salvador,19:43:00,713
Dominican Republic,11:21:00,714
Amdorra,07:13:00,717
France,19:43:00,717
Amdorra,08:07:00,717
Cuba,02:53:00,718
Greece,16:22:00,718
Congo (Congo-Brazzaville),10:43:00,719
Costa Rica,10:14:00,719
Germany,15:00:00,719
Democratic Republic of the Congo,08:46:00,720
Amenia,01:13:00,721
Bahrain,13:48:00,721
Djibouti,16:22:00,721
Austria,23:10:00,722
Bahama,08:20:00,722
Colombia,10:43:00,723
Djibouti,06:35:00,724
Finland,04:52:00,725
Canada,08:56:00,726
Equatorial Guinea,07:29:00,727
Dominica,08:20:00,728
El Salvador,01:27:00,728
Congo (Congo-Brazzaville),05:43:00,729
Eswatini (fmr.Swaziland),01:13:00,730
Costa Rica,16:24:00,732
Congo (Congo-Brazzaville),03:19:00,732
Dominican Republic,04:52:00,732
Bahrain,13:27:00,732
Guinea,11:21:00,733
Bahama,23:10:00,733
Cyprus,02:51:00,733
Cambodia,16:22:00,734
Guatemaia,10:43:00,734
Chad,13:48:00,734
China,13:27:00,734
Congo (Congo-Brazzaville),01:13:00,735
Chile,18:53:00,735
Chad,08:20:00,736
Gambia,07:21:00,736
Argentina,07:29:00,736
Dominica,05:41:00,736
Barbados,02:53:00,738
Denmark,13:51:00,739
Albania,08:07:00,740
Democratic Republic of the Congo,15:00:00,742
Democratic Republic of the Congo,04:18:00,743
Egypt,02:51:00,743
China,08:40:00,743
Cabo Verde,04:57:00,744
Finland,23:10:00,744
Finland,08:07:00,744
Egypt,08:20:00,744
Barbados,15:20:00,745
Argentina,01:27:00,745
Estonia,12:08:00,746
France,08:07:00,746
Amdorra,23:45:00,747
Comoros,06:23:00,748
Croatia,16:36:00,749
Guatemaia,16:36:00,749
Cambodia,19:38:00,749
Denmark,01:27:00,752
Dominican Republic,23:45:00,754
Germany,19:38:00,754
Bahama,02:51:00,756
Germany,07:29:00,756
Dominica,23:10:00,758
Central African Republic,13:27:00,759
Denmark,15:00:00,759
Georgia,02:53:00,760
Barbados,08:40:00,760
Dominica,16:29:00,760
Cambodia,12:08:00,760
Central African Republic,18:53:00,760
Greece,04:57:00,761
Bulgaria,16:22:00,761
Greece,23:45:00,761
Ecuador,08:40:00,761
Amdorra,07:29:00,761
Grenada,18:53:00,762
China,02:51:00,762
Chile,08:20:00,762
Eswatini (fmr.Swaziland),08:07:00,762
France,07:21:00,762
China,18:43:00,763
Cuba,08:20:00,764
Finland,13:27:00,766
Cuba,08:29:00,766
Canada,15:20:00,767
Dominica,08:29:00,770
Dominica,01:27:00,770
Denmark,16:08:00,770
Colombia,02:54:00,770
Egypt,13:51:00,772
Argentina,18:53:00,772
Comoros,08:07:00,773
El Salvador,06:23:00,773
Canada,13:12:00,773
Germany,15:20:00,773
Gambia,03:35:00,775
Cyprus,03:35:00,775
Denmark,19:43:00,775
Egypt,08:29:00,776
Austria,08:07:00,776
Comoros,07:29:00,778
Argentina,02:53:00,778
Albania,13:51:00,778
Democratic Republic of the Congo,13:51:00,779
Eswatini (fmr.Swaziland),10:14:00,779
Austria,16:22:00,780
Georgia,13:51:00,780
Albania,15:20:00,780
Costa Rica,03:35:00,781
Albania,16:08:00,781
Chile,06:35:00,782
Bahama,02:53:00,783
Egypt,08:56:00,784
Grenada,06:35:00,785
Eritrea,19:38:00,785
Cuba,16:29:00,787
Denmark,10:14:00,788
Cuba,03:35:00,788
Dominican Republic,01:13:00,788
Cabo Verde,17:27:00,789
Guinea,13:51:00,789
Finland,16:36:00,790
Congo (Congo-Brazzaville),10:14:00,790
Czechia (Czech Republic),17:27:00,790
Central African Republic,16:08:00,790
Colombia,02:53:00,791
Cuba,02:54:00,792
Gabon,10:29:00,792
Cambodia,07:29:00,793
Gabon,16:22:00,793
Greece,13:12:00,793
Bulgaria,05:43:00,793
Denmark,10:29:00,793
Germany,02:51:00,794
Comoros,18:43:00,794
Dominica,07:29:00,794
France,05:43:00,797
Congo (Congo-Brazzaville),18:43:00,797
Colombia,08:20:00,797
Argentina,04:52:00,797
Democratic Republic of the Congo,08:40:00,798
Georgia,16:22:00,799
Central African Republic,05:43:00,800
Greece,08:07:00,800
Cambodia,03:35:00,801
Bahrain,07:29:00,801
Barbados,23:25:00,801
Central African Republic,16:29:00,801
Cuba,10:29:00,802
Denmark,11:21:00,803
El Salvador,19:38:00,803
Chile,08:29:00,803
Cyprus,06:23:00,803
Finland,07:13:00,803
Guatemaia,13:48:00,804
Guatemaia,03:19:00,804
Chad,07:21:00,805
Austria,08:40:00,806
Guatemaia,13:27:00,806
Bahama,05:43:00,806
Comoros,01:27:00,806
Bulgaria,13:48:00,807
Bulgaria,13:27:00,807
Czechia (Czech Republic),16:22:00,807
Eswatini (fmr.Swaziland),05:43:00,807
Bulgaria,08:40:00,809
Ethiopia,16:08:00,809
Chad,04:18:00,810
Central African Republic,01:13:00,810
Egypt,04:52:00,810
Amdorra,01:13:00,811
France,16:08:00,811
Colombia,13:51:00,811
Fiji,12:08:00,813
Amdorra,10:29:00,815
Egypt,19:43:00,815
Greece,18:53:00,816
Amdorra,15:20:00,816
Albania,03:19:00,816
Amdorra,03:19:00,816
Colombia,23:10:00,818
Costa Rica,01:13:00,818
Ethiopia,18:53:00,820
Estonia,11:21:00,820
Canada,16:24:00,821
Germany,04:18:00,822
Eritrea,15:00:00,823
Albania,07:21:00,824
Egypt,12:08:00,824
Argentina,12:08:00,825
Finland,19:38:00,825
Gabon,23:23:00,826
Croatia,01:27:00,826
France,05:41:00,827
Bahama,13:48:00,828
Germany,19:43:00,829
Finland,08:29:00,830
Czechia (Czech Republic),16:36:00,830
Amenia,13:12:00,832
Gambia,01:13:00,833
Dominica,16:24:00,833
Gambia,10:14:00,833
Finland,13:51:00,834
Cambodia,08:07:00,834
Gambia,02:53:00,835
Colombia,17:27:00,835
China,06:23:00,836
Dominica,01:13:00,836
Gabon,08:07:00,836
Djibouti,10:14:00,836
Dominica,19:15:00,837
Bahrain,02:53:00,837
Ethiopia,06:23:00,838
Germany,13:48:00,839
Equatorial Guinea,10:43:00,840
Eritrea,05:43:00,840
Guatemaia,07:29:00,840
Georgia,02:54:00,840
China,07:13:00,840
Denmark,03:35:00,841
Gabon,06:23:00,842
Democratic Republic of the Congo,08:20:00,843
Bulgaria,08:56:00,843
Ethiopia,05:43:00,844
Canada,02:51:00,845
France,16:29:00,845
Croatia,08:40:00,846
Guatemaia,07:21:00,846
Chad,01:27:00,846
Costa Rica,13:27:00,847
Egypt,16:22:00,847
Albania,06:35:00,847
France,02:53:00,848
Germany,16:22:00,848
Argentina,13:48:00,848
Germany,08:40:00,848
Estonia,08:56:00,848
Ecuador,16:24:00,848
Guinea,03:35:00,849
Ethiopia,08:40:00,849
Germany,11:21:00,851
El Salvador,08:46:00,851
Georgia,23:23:00,851
China,08:07:00,851
China,04:18:00,852
Germany,03:35:00,852
Djibouti,13:12:00,853
Finland,02:54:00,854
Croatia,03:35:00,855
Colombia,16:36:00,855
Canada,23:25:00,855
Greece,02:51:00,855
Congo (Congo-Brazzaville),07:13:00,857
Chad,17:27:00,860
Denmark,23:25:00,861
Ecuador,13:27:00,863
Amenia,08:07:00,863
Barbados,08:07:00,864
Bahrain,23:10:00,865
Democratic Republic of the Congo,18:53:00,865
Albania,23:25:00,865
Bahama,07:21:00,866
Fiji,07:29:00,867
Guinea,08:20:00,867
Comoros,23:10:00,869
Congo (Congo-Brazzaville),18:53:00,870
Grenada,08:56:00,871
Cuba,07:13:00,872
Fiji,18:53:00,872
Brazil,10:29:00,872
Central African Republic,15:20:00,873
Dominican Republic,06:35:00,874
France,16:22:00,875
Ghana,03:19:00,875
Austria,05:41:00,876
Gabon,07:29:00,876
Bahama,23:25:00,876
Gabon,19:43:00,876
Argentina,03:19:00,879
Eritrea,15:20:00,879
Bulgaria,08:20:00,881
Eritrea,06:23:00,881
Amdorra,05:41:00,881
Bahama,19:38:00,882
Cuba,13:51:00,884
Ecuador,02:53:00,885
Dominican Republic,13:12:00,885
Chile,16:22:00,886
Greece,04:52:00,886
Congo (Congo-Brazzaville),23:45:00,887
Dominica,08:56:00,888
Costa Rica,02:53:00,888
Canada,07:13:00,889
Greece,15:20:00,889
Finland,16:22:00,889
Amenia,16:29:00,889
Greece,05:43:00,890
Germany,10:14:00,891
Dominica,03:35:00,891
Albania,04:57:00,892
Central African Republic,11:21:00,892
Djibouti,08:56:00,892
Djibouti,13:51:00,892
Comoros,19:38:00,893
Democratic Republic of the Congo,16:36:00,893
Equatorial Guinea,16:29:00,893
China,02:54:00,893
Germany,17:27:00,894
Chile,07:29:00,895
China,08:20:00,896
El Salvador,13:51:00,896
El Salvador,08:20:00,897
Dominican Republic,08:46:00,897
Dominica,15:20:00,898
Estonia,03:19:00,898
Barbados,08:56:00,899
Cabo Verde,06:23:00,899
Grenada,17:27:00,901
Cyprus,23:23:00,901
Denmark,19:15:00,902
Eritrea,16:36:00,903
Croatia,13:48:00,904
Central African Republic,23:45:00,908
Chile,15:20:00,908
Denmark,07:13:00,908
Ethiopia,01:13:00,909
Cyprus,02:53:00,912
Egypt,10:43:00,912
Colombia,19:38:00,912
Colombia,10:14:00,912
Amdorra,17:27:00,913
Gabon,13:27:00,914
Georgia,08:40:00,915
Estonia,02:53:00,916
France,06:35:00,917
Finland,08:40:00,917
Cambodia,10:29:00,919
Grenada,08:40:00,920
Central African Republic,13:48:00,921
Germany,13:12:00,923
Eritrea,13:27:00,923
Chad,10:14:00,924
Congo (Congo-Brazzaville),13:27:00,925
Chad,18:53:00,925
Amenia,04:57:00,925
Equatorial Guinea,16:36:00,925
Albania,19:38:00,925
Fiji,23:10:00,926
Amenia,07:29:00,927
Comoros,06:35:00,927
Finland,16:24:00,927
Guinea,03:19:00,927
Albania,15:00:00,928
Gabon,02:53:00,928
Estonia,15:20:00,928
Denmark,12:08:00,928
Fiji,04:57:00,928
Chile,08:40:00,929
Amdorra,03:35:00,929
Estonia,23:25:00,929
Barbados,18:43:00,930
Congo (Congo-Brazzaville),06:35:00,931
Greece,13:48:00,932
Djibouti,08:40:00,932
Chile,13:51:00,932
Argentina,17:27:00,934
Guatemaia,16:22:00,934
Chile,08:46:00,934
Chad,16:22:00,934
Gabon,12:08:00,935
Barbados,07:29:00,936
Ghana,07:13:00,936
Congo (Congo-Brazzaville),08:56:00,936
Guatemaia,08:56:00,937
Gabon,23:25:00,937
Amenia,08:29:00,937
Grenada,08:29:00,938
Cuba,05:41:00,938
Argentina,10:14:00,939
Canada,06:23:00,939
Bahama,13:51:00,940
Austria,23:45:00,941
Eswatini (fmr.Swaziland),08:20:00,942
Greece,23:23:00,942
Ethiopia,04:52:00,944
Canada,05:43:00,945
Central African Republic,16:22:00,945
Georgia,13:12:00,945
Czechia (Czech Republic),02:53:00,945
Brazil,23:45:00,945
Czechia (Czech Republic),07:21:00,947
Argentina,08:07:00,948
Guinea,08:56:00,950
Bahama,16:22:00,950
Czechia (Czech Republic),19:38:00,952
Chile,15:00:00,952
Chile,10:14:00,954
Georgia,10:29:00,954
Eswatini (fmr.Swaziland),02:53:00,954
France,13:27:00,954
Brazil,16:22:00,955
Amdorra,02:54:00,956
Dominica,08:07:00,956
Ethiopia,23:45:00,957
Chad,15:20:00,957
Amenia,07:13:00,957
Equatorial Guinea,02:51:00,958
Chad,16:24:00,958
Dominican Republic,03:35:00,958
El Salvador,05:41:00,959
Brazil,05:41:00,960
Bulgaria,04:52:00,961
Gabon,07:21:00,961
Eswatini (fmr.Swaziland),16:36:00,961
Djibouti,18:53:00,962
Barbados,04:18:00,962
Eswatini (fmr.Swaziland),23:23:00,963
Dominica,05:43:00,964
Equatorial Guinea,05:41:00,965
Eritrea,18:53:00,965
Canada,13:27:00,965
Fiji,16:29:00,965
Eritrea,02:54:00,966
Dominica,04:57:00,967
Colombia,15:00:00,968
Equatorial Guinea,08:46:00,969
Ghana,08:20:00,969
Colombia,10:29:00,969
El Salvador,10:29:00,969
Gabon,04:18:00,971
Democratic Republic of the Congo,13:48:00,971
Cabo Verde,12:08:00,971
Amenia,13:51:00,971
Germany,01:13:00,971
Central African Republic,13:12:00,973
Austria,23:25:00,973
Ethiopia,04:57:00,973
Cuba,01:27:00,973
Amdorra,18:43:00,974
Finland,01:27:00,974
Equatorial Guinea,02:53:00,974
Chile,04:57:00,976
Guinea,04:57:00,977
Central African Republic,23:23:00,977
Costa Rica,13:48:00,977
Grenada,13:51:00,977
Bahama,17:27:00,978
Germany,06:35:00,979
Amenia,02:54:00,979
Bahrain,05:43:00,979
Colombia,04:18:00,979
Cambodia,04:57:00,979
Central African Republic,13:51:00,980
Cabo Verde,08:20:00,980
Equatorial Guinea,19:43:00,981
Dominican Republic,15:00:00,982
Brazil,10:14:00,982
Finland,05:41:00,982
Gabon,16:24:00,982
Gambia,04:52:00,983
Denmark,07:21:00,983
Argentina,15:00:00,983
Barbados,19:43:00,983
Eritrea,10:43:00,987
Dominican Republic,19:38:00,987
Cambodia,16:36:00,988
Democratic Republic of the Congo,12:08:00,989
Ghana,15:20:00,990
Gabon,04:57:00,991
Bulgaria,23:45:00,991
Democratic Republic of the Congo,06:23:00,992
Eswatini (fmr.Swaziland),07:29:00,992
Bahrain,08:29:00,992
Austria,08:56:00,993
Canada,08:20:00,993
Ghana,07:29:00,994
Croatia,23:25:00,994
Canada,12:08:00,994
Barbados,19:38:00,996
Croatia,04:57:00,996
Brazil,13:51:00,997
Canada,23:23:00,997
Brazil,23:25:00,998
Democratic Republic of the Congo,23:45:00,998
Cyprus,04:57:00,999
Brazil,13:48:00,999
Georgia,16:08:00,999
Colombia,04:52:00,1001
Colombia,12:08:00,1002
Costa Rica,19:38:00,1003
Gambia,08:07:00,1003
Barbados,04:52:00,1004
Egypt,05:43:00,1004
Grenada,16:36:00,1005
Cuba,23:25:00,1007
Brazil,16:29:00,1007
Bahrain,01:27:00,1007
Ethiopia,05:41:00,1007
Gabon,13:51:00,1007
Djibouti,19:43:00,1008
Equatorial Guinea,03:35:00,1009
Cabo Verde,13:27:00,1010
Albania,08:46:00,1011
Canada,16:08:00,1012
Germany,13:51:00,1012
Ecuador,19:43:00,1016
Grenada,07:13:00,1016
Gambia,16:24:00,1016
Comoros,15:00:00,1016
Guinea,08:07:00,1016
Guinea,02:54:00,1016
Congo (Congo-Brazzaville),23:10:00,1018
Chad,12:08:00,1018
Equatorial Guinea,23:45:00,1018
Brazil,04:18:00,1020
Guatemaia,16:08:00,1024
Canada,15:00:00,1024
Congo (Congo-Brazzaville),11:21:00,1024
Bahama,16:24:00,1024
Dominica,23:45:00,1025
China,15:20:00,1025
Costa Rica,12:08:00,1025
Fiji,18:43:00,1026
Guinea,07:13:00,1027
Comoros,02:53:00,1027
Amdorra,19:43:00,1028
Ghana,16:24:00,1028
Ethiopia,04:18:00,1031
Djibouti,15:20:00,1032
Amdorra,02:51:00,1032
Amenia,03:19:00,1032
Cambodia,23:25:00,1033
Equatorial Guinea,23:23:00,1033
Georgia,16:29:00,1034
Egypt,01:27:00,1036
Bahama,05:41:00,1036
Argentina,04:57:00,1037
Georgia,13:27:00,1039
Guinea,23:23:00,1039
Argentina,18:43:00,1040
Austria,02:54:00,1041
Germany,23:25:00,1041
Cambodia,17:27:00,1041
Ghana,18:53:00,1041
Chad,02:54:00,1042
Congo (Congo-Brazzaville),13:12:00,1042
Argentina,08:40:00,1043
Fiji,07:13:00,1044
Gambia,19:43:00,1044
Eritrea,04:57:00,1044
Cuba,17:27:00,1044
Brazil,07:21:00,1044
Dominican Republic,13:51:00,1044
Chile,13:48:00,1045
Comoros,18:53:00,1047
Canada,04:52:00,1048
Bahrain,01:13:00,1051
Cambodia,02:51:00,1053
France,02:54:00,1053
Chad,19:15:00,1054
Estonia,04:18:00,1055
Georgia,06:35:00,1058
Germany,10:29:00,1059
Djibouti,23:23:00,1060
Costa Rica,19:43:00,1060
Ecuador,16:29:00,1061
Canada,23:10:00,1061
Gambia,23:25:00,1063
Cuba,19:15:00,1063
Gabon,16:08:00,1064
Central African Republic,19:15:00,1065
Costa Rica,06:35:00,1066
Dominican Republic,08:07:00,1066
Democratic Republic of the Congo,15:20:00,1066
Cabo Verde,05:41:00,1067
Costa Rica,07:13:00,1068
Eritrea,12:08:00,1068
Equatorial Guinea,01:27:00,1069
Costa Rica,08:29:00,1071
Gambia,13:51:00,1071
Chad,13:51:00,1072
Guatemaia,02:53:00,1073
El Salvador,17:27:00,1073
Costa Rica,05:43:00,1074
Bulgaria,02:53:00,1075
Cabo Verde,08:07:00,1075
Dominica,19:38:00,1077
Brazil,10:43:00,1077
Denmark,15:20:00,1078
Grenada,05:41:00,1079
Estonia,06:35:00,1079
Costa Rica,04:18:00,1080
Bahama,07:29:00,1081
Democratic Republic of the Congo,07:21:00,1081
Congo (Congo-Brazzaville),17:27:00,1082
Egypt,18:43:00,1083
France,13:51:00,1083
Egypt,13:12:00,1084
Central African Republic,08:46:00,1084
Greece,16:08:00,1086
Cyprus,16:22:00,1087
Cabo Verde,02:54:00,1087
Czechia (Czech Republic),01:13:00,1088
Czechia (Czech Republic),08:07:00,1089
Bahrain,12:08:00,1090
Barbados,13:27:00,1090
Egypt,08:40:00,1091
Guatemaia,23:10:00,1091
Ecuador,13:51:00,1091
China,16:36:00,1091
Barbados,23:45:00,1092
Bahrain,16:24:00,1093
Eritrea,07:13:00,1093
China,15:00:00,1093
France,04:52:00,1094
Fiji,16:24:00,1094
Democratic Republic of the Congo,07:29:00,1094
Albania,23:23:00,1095
Denmark,13:12:00,1096
Bulgaria,08:29:00,1096
Germany,23:10:00,1096
Georgia,06:23:00,1096
Amenia,05:43:00,1096
Eswatini (fmr.Swaziland),15:00:00,1098
Ecuador,23:23:00,1098
Guatemaia,05:41:00,1099
Georgia,03:35:00,1100
Eritrea,16:29:00,1100
Cambodia,08:29:00,1101
Greece,08:46:00,1101
Greece,04:18:00,1104
Guinea,07:21:00,1104
Cabo Verde,19:15:00,1105
Croatia,01:13:00,1105
Cabo Verde,03:35:00,1105
Guatemaia,10:29:00,1106
China,23:25:00,1106
Croatia,06:23:00,1107
Cabo Verde,13:48:00,1107
Brazil,08:46:00,1107
Bahama,13:27:00,1108
Greece,06:23:00,1108
Cuba,16:36:00,1108
Bahrain,04:57:00,1108
Gabon,05:41:00,1108
Comoros,04:18:00,1109
Costa Rica,16:22:00,1109
Congo (Congo-Brazzaville),04:52:00,1111
Bulgaria,03:35:00,1111
Gabon,18:43:00,1111
Chile,13:12:00,1112
Equatorial Guinea,04:18:00,1113
Denmark,06:23:00,1114
Amenia,19:43:00,1114
Cabo Verde,19:43:00,1116
Guinea,17:27:00,1116
Guatemaia,08:20:00,1118
Austria,15:00:00,1119
Czechia (Czech Republic),15:20:00,1119
Gambia,15:00:00,1120
China,08:56:00,1120
Austria,04:57:00,1122
Grenada,08:46:00,1122
Barbados,17:27:00,1124
Amenia,13:48:00,1124
Cuba,23:45:00,1124
Fiji,10:43:00,1125
Germany,23:45:00,1125
Croatia,08:46:00,1127
Denmark,08:56:00,1128
Democratic Republic of the Congo,03:19:00,1129
Eritrea,08:20:00,1129
Estonia,16:08:00,1129
El Salvador,08:56:00,1130
China,11:21:00,1131
Cyprus,07:21:00,1131
Austria,16:08:00,1132
Canada,17:27:00,1132
Gambia,04:57:00,1134
Cuba,05:43:00,1135
Bulgaria,07:21:00,1135
Colombia,08:29:00,1136
Costa Rica,16:36:00,1137
Chad,05:41:00,1138
Grenada,10:14:00,1138
Ghana,13:51:00,1138
Canada,13:51:00,1138
Dominica,02:51:00,1139
Georgia,18:43:00,1139
China,13:51:00,1140
Ghana,08:29:00,1140
Gambia,08:40:00,1142
China,16:24:00,1142
Barbados,02:54:00,1143
Bahrain,10:29:00,1143
Comoros,02:54:00,1144
Gambia,13:48:00,1145
Albania,19:43:00,1145
Chad,07:29:00,1146
Democratic Republic of the Congo,23:23:00,1148
El Salvador,23:10:00,1149
Ethiopia,10:14:00,1150
Croatia,13:12:00,1150
Dominica,16:22:00,1151
Cyprus,23:10:00,1151
Estonia,08:46:00,1152
Eritrea,23:10:00,1152
Ethiopia,19:43:00,1153
Eritrea,08:46:00,1153
Bahama,16:36:00,1154
Amenia,13:27:00,1154
Argentina,13:51:00,1155
Amdorra,15:00:00,1156
Bahrain,05:41:00,1158
Ecuador,13:12:00,1160
Ghana,08:46:00,1160
Dominican Republic,03:19:00,1161
Denmark,13:48:00,1164
Chile,01:27:00,1164
Grenada,16:29:00,1165
Bahrain,08:56:00,1165
Eswatini (fmr.Swaziland),18:43:00,1168
Gambia,08:46:00,1168
Croatia,19:38:00,1169
Cyprus,04:52:00,1171
El Salvador,16:36:00,1171
Egypt,06:35:00,1172
El Salvador,18:53:00,1172
Greece,03:35:00,1172
Germany,13:27:00,1173
Colombia,06:23:00,1173
Guatemaia,23:23:00,1173
Chile,23:23:00,1174
Bahrain,23:23:00,1174
Comoros,16:29:00,1175
Germany,02:53:00,1175
Chad,19:38:00,1175
Chad,08:56:00,1175
Cyprus,16:36:00,1176
Chad,08:29:00,1176
Austria,01:27:00,1176
Cabo Verde,08:46:00,1177
Brazil,12:08:00,1179
Dominica,04:18:00,1179
Egypt,02:54:00,1179
Djibouti,02:53:00,1180
Equatorial Guinea,16:22:00,1180
Ethiopia,06:35:00,1180
Cabo Verde,16:36:00,1180
Central African Republic,04:57:00,1183
Greece,05:41:00,1184
Austria,18:43:00,1184
Cambodia,18:43:00,1185
Argentina,15:20:00,1185
Estonia,08:07:00,1185
Austria,13:12:00,1185
Comoros,03:35:00,1186
Dominica,04:52:00,1186
Czechia (Czech Republic),07:29:00,1187
France,03:35:00,1187
Cyprus,01:13:00,1187
Cuba,23:23:00,1189
Denmark,13:27:00,1192
Ecuador,16:22:00,1193
Democratic Republic of the Congo,04:57:00,1193
Georgia,08:20:00,1194
Croatia,23:45:00,1194
Dominican Republic,23:23:00,1194
Eritrea,19:15:00,1195
Argentina,10:43:00,1196
Equatorial Guinea,23:10:00,1196
China,05:41:00,1196
Finland,07:21:00,1197
Guatemaia,15:20:00,1197
Bahrain,08:46:00,1197
Chad,02:53:00,1198
Gabon,03:35:00,1199
Barbados,02:51:00,1200
Central African Republic,19:38:00,1201
Germany,05:41:00,1202
Eritrea,19:43:00,1202
Colombia,05:43:00,1204
France,23:25:00,1204
Ghana,16:29:00,1205
El Salvador,07:29:00,1208
Austria,18:53:00,1208
Ethiopia,02:53:00,1209
Estonia,02:51:00,1209
Cyprus,11:21:00,1210
Cyprus,02:54:00,1212
Eritrea,08:56:00,1212
Guinea,16:24:00,1212
Guatemaia,06:35:00,1212
Denmark,16:24:00,1212
Egypt,04:57:00,1213
Djibouti,13:27:00,1215
Albania,04:18:00,1216
Barbados,16:08:00,1217
Cyprus,13:27:00,1217
Cuba,08:46:00,1217
Central African Republic,19:43:00,1219
Ecuador,08:29:00,1219
Congo (Congo-Brazzaville),10:29:00,1219
Central African Republic,12:08:00,1220
Comoros,23:45:00,1221
China,07:29:00,1222
Colombia,19:43:00,1223
Denmark,16:36:00,1223
Gambia,23:10:00,1224
Dominican Republic,08:29:00,1224
Czechia (Czech Republic),16:29:00,1225
Djibouti,04:18:00,1225
Costa Rica,03:19:00,1226
Cyprus,01:27:00,1226
Barbados,15:00:00,1228
Democratic Republic of the Congo,07:13:00,1228
Gabon,13:12:00,1229
Albania,18:43:00,1232
Greece,17:27:00,1232
Central African Republic,17:27:00,1232
Equatorial Guinea,18:53:00,1233
Cabo Verde,03:19:00,1233
Dominican Republic,23:10:00,1234
Equatorial Guinea,13:48:00,1234
Congo (Congo-Brazzaville),16:36:00,1235
Guatemaia,18:43:00,1235
Finland,18:53:00,1236
Congo (Congo-Brazzaville),16:22:00,1236
Djibouti,10:43:00,1237
Eritrea,04:18:00,1237
Brazil,03:19:00,1237
Egypt,16:36:00,1238
Czechia (Czech Republic),04:52:00,1238
France,12:08:00,1238
Germany,08:56:00,1240
Cambodia,03:19:00,1241
Eswatini (fmr.Swaziland),13:48:00,1242
Cabo Verde,10:29:00,1243
Djibouti,23:25:00,1243
Ethiopia,15:00:00,1244
Cyprus,23:25:00,1245
Djibouti,23:10:00,1246
Albania,17:27:00,1246
Greece,03:19:00,1246
Ethiopia,12:08:00,1247
Ecuador,13:48:00,1247
Ecuador,06:23:00,1248
Bahama,19:43:00,1248
Georgia,02:51:00,1249
Eswatini (fmr.Swaziland),15:20:00,1250
Croatia,04:52:00,1251
Egypt,11:21:00,1253
Austria,08:20:00,1253
Gambia,08:56:00,1253
Amenia,16:22:00,1254
Eritrea,06:35:00,1255
Ghana,16:08:00,1255
France,23:23:00,1256
Central African Republic,08:07:00,1256
Fiji,15:00:00,1258
Bahrain,04:52:00,1259
Brazil,02:54:00,1260
Eritrea,08:40:00,1260
Argentina,16:08:00,1261
Dominican Republic,16:08:00,1261
Grenada,19:15:00,1261
Bahama,10:43:00,1261
Egypt,23:10:00,1262
Guatemaia,19:15:00,1263
Cambodia,15:20:00,1263
Bulgaria,23:23:00,1263
China,10:14:00,1264
Croatia,13:27:00,1264
Chile,02:54:00,1265
Germany,04:57:00,1268
Eswatini (fmr.Swaziland),17:27:00,1268
Egypt,01:13:00,1268
Eritrea,17:27:00,1268
Eswatini (fmr.Swaziland),05:41:00,1269
China,23:10:00,1270
Egypt,07:21:00,1272
Bahrain,15:00:00,1272
Estonia,05:41:00,1273
Eritrea,02:51:00,1274
Chile,07:21:00,1274
Czechia (Czech Republic),13:48:00,1274
El Salvador,16:29:00,1275
Costa Rica,08:07:00,1277
Bahama,23:23:00,1277
Amenia,10:29:00,1278
Central African Republic,06:23:00,1278
Cabo Verde,13:12:00,1280
Bahama,04:52:00,1281
Cuba,18:43:00,1282
Ecuador,05:41:00,1282
Canada,16:29:00,1282
Amenia,04:18:00,1283
Czechia (Czech Republic),04:57:00,1283
Guinea,10:43:00,1283
Democratic Republic of the Congo,08:07:00,1284
Bulgaria,18:43:00,1285
Egypt,15:20:00,1285
Comoros,07:13:00,1287
Central African Republic,03:19:00,1288
France,19:15:00,1288
Guinea,23:10:00,1290
Cabo Verde,08:29:00,1290
Ecuador,23:10:00,1291
Congo (Congo-Brazzaville),06:23:00,1291
Ghana,05:41:00,1293
El Salvador,08:40:00,1293
Ghana,01:27:00,1294
Czechia (Czech Republic),08:56:00,1295
Croatia,16:24:00,1295
Cabo Verde,07:21:00,1296
China,19:15:00,1297
Ghana,15:00:00,1297
Barbados,13:51:00,1299
Djibouti,01:27:00,1301
Egypt,10:29:00,1301
Denmark,06:35:00,1301
Djibouti,23:45:00,1302
El Salvador,01:13:00,1304
Colombia,02:51:00,1304
Bahama,15:00:00,1305
Bulgaria,10:43:00,1305
Austria,02:51:00,1306
Chile,11:21:00,1306
Comoros,12:08:00,1307
Fiji,03:35:00,1308
Bahama,11:21:00,1308
Bulgaria,06:35:00,1308
Gambia,07:29:00,1308
Democratic Republic of the Congo,06:35:00,1308
Ghana,04:52:00,1309
Barbados,16:24:00,1310
Gabon,08:20:00,1311
Denmark,02:54:00,1312
Fiji,01:13:00,1312
Argentina,08:56:00,1314
Chad,13:12:00,1314
Comoros,23:23:00,1315
Croatia,08:56:00,1315
France,03:19:00,1316
Djibouti,08:29:00,1318
Colombia,23:25:00,1320
Guatemaia,12:08:00,1321
Amdorra,19:38:00,1321
Argentina,06:35:00,1322
Bahama,02:54:00,1322
Austria,12:08:00,1324
Ghana,23:25:00,1325
Djibouti,02:51:00,1325
Costa Rica,11:21:00,1326
Greece,19:43:00,1327
Albania,02:53:00,1328
Argentina,03:35:00,1330
Cabo Verde,16:29:00,1330
Bulgaria,10:14:00,1331
Argentina,05:41:00,1332
Germany,06:23:00,1333
Guatemaia,04:57:00,1334
Czechia (Czech Republic),13:27:00,1335
Cabo Verde,16:24:00,1336
Eswatini (fmr.Swaziland),13:51:00,1336
Argentina,13:12:00,1337
Cambodia,11:21:00,1337
Canada,07:21:00,1339
Canada,18:43:00,1339
Guatemaia,02:54:00,1339
Costa Rica,13:51:00,1339
Canada,08:46:00,1340
Bahrain,13:12:00,1340
Amdorra,11:21:00,1342
Central African Republic,05:41:00,1342
Cyprus,05:41:00,1342
Barbados,06:23:00,1344
Croatia,03:19:00,1344
Barbados,08:29:00,1344
Greece,23:25:00,1344
China,18:53:00,1344
Eritrea,23:23:00,1344
Colombia,11:21:00,1346
Eritrea,02:53:00,1346
Denmark,16:29:00,1347
France,18:53:00,1347
Estonia,04:52:00,1350
Amenia,23:45:00,1350
Ghana,07:21:00,1352
Gabon,18:53:00,1355
Cyprus,08:07:00,1356
France,02:51:00,1359
Amdorra,12:08:00,1360
Colombia,18:43:00,1360
Chad,16:29:00,1361
Denmark,05:41:00,1361
El Salvador,05:43:00,1363
Amdorra,16:08:00,1363
Guinea,16:08:00,1363
Argentina,08:20:00,1364
El Salvador,15:20:00,1365
Egypt,04:18:00,1366
Cuba,13:12:00,1367
Guatemaia,01:13:00,1367
Egypt,10:14:00,1368
Bahrain,03:35:00,1368
Grenada,12:08:00,1369
Central African Republic,02:54:00,1370
Chad,07:13:00,1371
Guinea,13:48:00,1371
Dominican Republic,19:43:00,1373
Chad,23:10:00,1373
Chile,16:08:00,1374
Brazil,08:40:00,1376
Canada,04:18:00,1377
Congo (Congo-Brazzaville),02:51:00,1378
Gambia,06:35:00,1379
Gabon,08:40:00,1379
Democratic Republic of the Congo,19:15:00,1379
Chad,23:23:00,1379
Czechia (Czech Republic),10:14:00,1381
Estonia,16:36:00,1383
Albania,08:20:00,1383
Congo (Congo-Brazzaville),16:29:00,1384
Cambodia,05:41:00,1385
China,05:43:00,1386
El Salvador,06:35:00,1388
Guinea,01:27:00,1388
Estonia,13:12:00,1388
Barbados,05:43:00,1390
Bulgaria,05:41:00,1390
Eswatini (fmr.Swaziland),19:15:00,1390
Bulgaria,23:10:00,1395
Bahama,15:20:00,1395
Guinea,10:29:00,1396
Colombia,06:35:00,1396
Ghana,08:07:00,1396
Djibouti,16:08:00,1398
Cabo Verde,11:21:00,1399
Amdorra,08:40:00,1399
Albania,18:53:00,1400
Eswatini (fmr.Swaziland),02:51:00,1402
Germany,03:19:00,1405
Ghana,08:40:00,1406
Albania,11:21:00,1409
Georgia,17:27:00,1409
Djibouti,08:46:00,1410
Bahama,04:18:00,1410
Colombia,08:46:00,1411
Eritrea,16:24:00,1412
Canada,11:21:00,1412
Finland,08:46:00,1413
Comoros,04:52:00,1414
Eritrea,18:43:00,1414
Gabon,08:29:00,1414
Costa Rica,07:21:00,1414
Democratic Republic of the Congo,23:25:00,1415
Democratic Republic of the Congo,10:43:00,1415
Denmark,04:52:00,1416
Bahrain,19:43:00,1417
Cabo Verde,04:18:00,1419
Amenia,08:20:00,1419
Costa Rica,01:27:00,1419
Colombia,04:57:00,1419
Comoros,05:41:00,1420
Djibouti,07:13:00,1420
Bulgaria,18:53:00,1421
Ethiopia,10:43:00,1421
Czechia (Czech Republic),08:46:00,1422
Eswatini (fmr.Swaziland),04:57:00,1423
Argentina,07:13:00,1423
Comoros,08:40:00,1424
Denmark,01:13:00,1424
Fiji,16:22:00,1425
Gabon,08:56:00,1425
China,03:35:00,1428
Austria,23:23:00,1431
Bulgaria,07:13:00,1432
Germany,02:54:00,1435
Dominican Republic,05:43:00,1436
Colombia,01:27:00,1437
Bulgaria,13:12:00,1437
Eswatini (fmr.Swaziland),23:25:00,1438
Georgia,08:29:00,1438
Dominican Republic,04:57:00,1438
Dominican Republic,10:14:00,1438
Estonia,13:51:00,1439
Central African Republic,07:29:00,1440
Eswatini (fmr.Swaziland),23:45:00,1442
Greece,10:29:00,1442
Guatemaia,08:46:00,1448
Gambia,02:54:00,1451
Gabon,23:10:00,1451
Croatia,11:21:00,1451
Chad,18:43:00,1452
Czechia (Czech Republic),15:00:00,1453
Equatorial Guinea,03:19:00,1457
Congo (Congo-Brazzaville),04:18:00,1458
Cyprus,05:43:00,1458
Chad,16:08:00,1459
Cambodia,08:56:00,1461
Cyprus,15:20:00,1461
Ecuador,03:19:00,1462
Chile,02:51:00,1463
Congo (Congo-Brazzaville),19:38:00,1464
Bulgaria,11:21:00,1465
Georgia,08:46:00,1466
Egypt,23:25:00,1466
Greece,18:43:00,1470
Guinea,04:52:00,1471
Dominica,10:29:00,1472
Amdorra,01:27:00,1472
Dominica,02:53:00,1476
Austria,04:52:00,1477
Central African Republic,06:35:00,1478
Estonia,19:38:00,1478
Eritrea,03:35:00,1478
Amenia,16:36:00,1479
Grenada,05:43:00,1479
Eswatini (fmr.Swaziland),07:13:00,1480
Eritrea,07:21:00,1481
Brazil,16:36:00,1482
Costa Rica,23:23:00,1482
Gambia,10:43:00,1482
Finland,11:21:00,1483
Brazil,13:27:00,1484
Amenia,18:53:00,1484
Brazil,16:24:00,1486
Congo (Congo-Brazzaville),08:46:00,1489
Bulgaria,19:43:00,1489
Albania,10:14:00,1491
El Salvador,11:21:00,1491
Finland,06:35:00,1492
Dominican Republic,08:20:00,1497
Finland,12:08:00,1500
Bulgaria,01:27:00,1501
Gabon,19:38:00,1503
Ethiopia,19:38:00,1504
Ghana,04:57:00,1505
Amenia,15:00:00,1508
Brazil,19:43:00,1509
Germany,05:43:00,1509
Dominican Republic,10:29:00,1512
Gabon,15:00:00,1513
Grenada,08:20:00,1513
Guatemaia,13:12:00,1515
Fiji,10:14:00,1515
Bahama,10:29:00,1516
Cambodia,07:13:00,1518
Cabo Verde,19:38:00,1519
Fiji,03:19:00,1519
Ethiopia,03:19:00,1520
Bulgaria,02:54:00,1521
Albania,12:08:00,1523
Dominica,13:48:00,1523
Cyprus,08:46:00,1523
Fiji,08:29:00,1524
Egypt,08:46:00,1527
Dominican Republic,02:53:00,1530
Bulgaria,23:25:00,1531
Dominica,11:21:00,1533
Gabon,05:43:00,1533
Germany,01:27:00,1536
Equatorial Guinea,17:27:00,1538
Ecuador,04:57:00,1539
France,19:38:00,1540
Costa Rica,10:43:00,1540
Amenia,10:43:00,1540
Austria,10:14:00,1540
Amenia,16:24:00,1541
Dominica,23:25:00,1542
France,18:43:00,1543
Greece,02:54:00,1544
Albania,16:24:00,1545
Bahrain,19:38:00,1546
Grenada,13:48:00,1547
Congo (Congo-Brazzaville),15:00:00,1549
Bahrain,18:53:00,1550
Brazil,03:35:00,1551
Guinea,13:12:00,1552
Albania,23:45:00,1553
Chile,13:27:00,1553
Amenia,02:53:00,1554
Greece,13:51:00,1556
Denmark,07:29:00,1556
China,19:43:00,1557
Amenia,10:14:00,1560
Barbados,18:53:00,1560
Brazil,18:43:00,1561
Djibouti,13:48:00,1561
Albania,16:22:00,1561
Equatorial Guinea,08:07:00,1561
Barbados,08:46:00,1562
Dominican Republic,16:36:00,1562
Ethiopia,10:29:00,1563
Egypt,19:38:00,1563
Fiji,06:35:00,1563
France,10:43:00,1565
Eswatini (fmr.Swaziland),03:19:00,1567
Djibouti,01:13:00,1569
Chad,05:43:00,1572
Greece,15:00:00,1572
Dominican Republic,07:13:00,1575
Costa Rica,05:41:00,1576
Amenia,18:43:00,1577
Czechia (Czech Republic),08:29:00,1578
Costa Rica,18:53:00,1580
Argentina,19:43:00,1580
Costa Rica,06:23:00,1580
Fiji,08:56:00,1580
Czechia (Czech Republic),23:23:00,1581
Amenia,02:51:00,1581
Ghana,02:54:00,1581
Comoros,17:27:00,1581
Democratic Republic of the Congo,19:38:00,1584
Fiji,07:21:00,1585
Eritrea,13:51:00,1586
Dominican Republic,17:27:00,1588
Bahrain,08:07:00,1588
Cyprus,08:29:00,1589
Dominica,06:23:00,1590
Gabon,07:13:00,1591
Estonia,05:43:00,1592
Comoros,16:24:00,1600
Amenia,12:08:00,1601
Georgia,04:57:00,1602
Eritrea,10:29:00,1606
Djibouti,19:15:00,1608
Ethiopia,13:48:00,1609
Denmark,04:18:00,1609
Gabon,08:46:00,1611
Gambia,03:19:00,1612
Equatorial Guinea,10:29:00,1612
Bahrain,16:22:00,1614
Cyprus,10:43:00,1614
Ghana,17:27:00,1615
Denmark,04:57:00,1616
Cambodia,16:24:00,1617
Congo (Congo-Brazzaville),07:29:00,1617
Georgia,05:41:00,1618
Equatorial Guinea,04:52:00,1619
China,16:29:00,1619
Gambia,05:43:00,1620
Czechia (Czech Republic),02:54:00,1620
Djibouti,04:52:00,1622
Equatorial Guinea,16:24:00,1623
Guatemaia,08:07:00,1625
El Salvador,04:52:00,1627
Barbados,04:57:00,1630
Amenia,23:23:00,1630
Dominican Republic,05:41:00,1632
Ecuador,07:29:00,1634
Cyprus,10:14:00,1636
Brazil,11:21:00,1636
Amdorra,13:12:00,1637
China,23:23:00,1638
Congo (Congo-Brazzaville),02:53:00,1638
Equatorial Guinea,12:08:00,1640
Cuba,13:27:00,1648
Czechia (Czech Republic),05:41:00,1649
Egypt,16:24:00,1651
Bahrain,08:40:00,1654
Equatorial Guinea,06:35:00,1655
Bahrain,16:08:00,1655
Amenia,17:27:00,1660
Czechia (Czech Republic),19:43:00,1664
Estonia,10:43:00,1665
Equatorial Guinea,23:25:00,1665
Costa Rica,10:29:00,1665
France,01:27:00,1665
Bahrain,23:45:00,1669
Bulgaria,06:23:00,1669
Democratic Republic of the Congo,10:14:00,1670
Denmark,08:20:00,1671
Chile,03:35:00,1673
Eswatini (fmr.Swaziland),16:24:00,1677
Comoros,07:21:00,1679
Croatia,07:13:00,1682
Grenada,13:12:00,1683
Central African Republic,07:13:00,1685
Finland,13:12:00,1686
Amdorra,23:10:00,1688
Bulgaria,16:24:00,1691
Canada,03:35:00,1691
Amdorra,13:48:00,1691
Eswatini (fmr.Swaziland),16:29:00,1692
Cyprus,15:00:00,1693
Canada,02:54:00,1695
Ecuador,08:56:00,1696
Cambodia,18:53:00,1696
Democratic Republic of the Congo,13:12:00,1697
Finland,17:27:00,1697
Bahrain,07:21:00,1697
Croatia,05:41:00,1699
Canada,04:57:00,1700
Djibouti,16:24:00,1700
Comoros,10:29:00,1703
Denmark,08:07:00,1706
Guinea,08:29:00,1708
Central African Republic,08:56:00,1708
Georgia,19:43:00,1708
Georgia,08:07:00,1708
Gambia,16:22:00,1711
Colombia,08:40:00,1712
Brazil,05:43:00,1712
Gabon,11:21:00,1713
Bulgaria,17:27:00,1713
France,07:29:00,1715
Guatemaia,04:52:00,1716
Ghana,06:35:00,1717
Estonia,04:57:00,1717
Guinea,16:22:00,1718
Fiji,13:27:00,1720
Ghana,03:35:00,1721
Grenada,07:21:00,1726
Democratic Republic of the Congo,05:43:00,1726
France,23:45:00,1729
Costa Rica,13:12:00,1733
Egypt,07:13:00,1736
Albania,08:40:00,1739
Ethiopia,08:46:00,1741
Democratic Republic of the Congo,05:41:00,1743
Comoros,08:56:00,1744
Amdorra,08:46:00,1746
France,16:36:00,1747
Cyprus,08:40:00,1748
Canada,23:45:00,1751
Democratic Republic of the Congo,04:52:00,1754
Cyprus,19:15:00,1754
Bulgaria,08:07:00,1758
Gabon,01:27:00,1758
Eritrea,13:48:00,1763
France,11:21:00,1766
Guinea,18:53:00,1767
Djibouti,05:43:00,1768
Brazil,18:53:00,1769
Djibouti,07:21:00,1770
Dominica,16:08:00,1772
Colombia,16:08:00,1773
Georgia,23:25:00,1774
Egypt,23:23:00,1775
Guinea,08:46:00,1777
Barbados,10:29:00,1777
Bahama,07:13:00,1779
Georgia,08:56:00,1780
Costa Rica,18:43:00,1780
El Salvador,13:27:00,1784
Fiji,13:48:00,1784
Grenada,02:51:00,1785
Dominica,18:53:00,1786
Ecuador,15:00:00,1786
Eswatini (fmr.Swaziland),18:53:00,1790
Canada,06:35:00,1791
Czechia (Czech Republic),03:35:00,1792
Dominican Republic,13:27:00,1792
Fiji,10:29:00,1798
Guatemaia,08:29:00,1798
Fiji,15:20:00,1800
Brazil,04:52:00,1801
Austria,07:29:00,1801
Albania,08:29:00,1802
Grenada,16:24:00,1805
Estonia,23:23:00,1807
Croatia,19:43:00,1809
Georgia,03:19:00,1809
Cambodia,13:27:00,1809
Costa Rica,23:45:00,1812
Barbados,03:35:00,1813
Comoros,19:43:00,1814
Fiji,17:27:00,1814
Brazil,19:15:00,1816
El Salvador,08:07:00,1817
Ghana,02:53:00,1819
Congo (Congo-Brazzaville),13:51:00,1820
Finland,02:51:00,1821
Ecuador,19:38:00,1823
Germany,08:29:00,1826
Ghana,18:43:00,1828
Cuba,06:23:00,1828
El Salvador,13:12:00,1830
Argentina,05:43:00,1831
Cuba,15:00:00,1833
Argentina,23:10:00,1834
Ghana,10:43:00,1836
Chile,23:10:00,1839
Brazil,04:57:00,1840
Ghana,10:14:00,1842
Eswatini (fmr.Swaziland),06:35:00,1842
Croatia,12:08:00,1847
Bahrain,02:54:00,1847
Dominican Republic,07:21:00,1851
Cuba,10:43:00,1851
Grenada,23:45:00,1851
Colombia,13:48:00,1852
Estonia,08:20:00,1852
Cyprus,07:29:00,1854
Albania,05:43:00,1861
Congo (Congo-Brazzaville),04:57:00,1863
Chile,19:38:00,1865
Equatorial Guinea,07:21:00,1867
Bahrain,19:15:00,1868
Congo (Congo-Brazzaville),23:23:00,1869
Dominican Republic,02:54:00,1870
Estonia,13:48:00,1883
Colombia,16:24:00,1884
Austria,01:13:00,1885
Guinea,06:23:00,1886
Cambodia,06:35:00,1886
Albania,06:23:00,1887
Ghana,23:23:00,1889
Amenia,06:23:00,1889
Croatia,10:29:00,1891
Argentina,08:29:00,1894
Cambodia,04:52:00,1896
Estonia,10:14:00,1907
Albania,02:54:00,1908
Finland,05:43:00,1909
China,08:46:00,1909
Ethiopia,16:22:00,1910
Estonia,02:54:00,1912
Barbados,13:12:00,1912
Denmark,16:22:00,1916
Cyprus,16:24:00,1917
Canada,16:36:00,1924
Cuba,16:24:00,1925
Guinea,18:43:00,1925
Dominican Republic,16:24:00,1926
Cambodia,16:08:00,1932
Finland,23:25:00,1933
Cabo Verde,23:10:00,1933
Central African Republic,08:20:00,1935
Guinea,08:40:00,1935
Chad,04:57:00,1935
Dominica,10:43:00,1939
Congo (Congo-Brazzaville),19:15:00,1939
Brazil,17:27:00,1947
Comoros,11:21:00,1947
Chile,01:13:00,1951
Eswatini (fmr.Swaziland),11:21:00,1951
Eritrea,23:25:00,1953
Croatia,18:53:00,1955
Cabo Verde,01:13:00,1957
Brazil,06:23:00,1960
Finland,13:48:00,1960
Bahama,03:35:00,1961
China,13:12:00,1970
Cambodia,07:21:00,1977
Cambodia,23:10:00,1978
Argentina,16:29:00,1982
Grenada,13:27:00,1989
Finland,08:20:00,1989
Greece,23:10:00,1994
Czechia (Czech Republic),08:40:00,1995
Equatorial Guinea,01:13:00,1999
Bahama,03:19:00,2000
Ethiopia,08:56:00,2002
Gabon,16:29:00,2003
Central African Republic,23:10:00,2003
Cuba,10:14:00,2004
Costa Rica,16:29:00,2005
Albania,07:13:00,2007
Albania,19:15:00,2009
Gabon,10:43:00,2009
Croatia,02:54:00,2011
China,23:45:00,2012
Ethiopia,07:13:00,2026
Finland,23:23:00,2030
Grenada,23:10:00,2033
Albania,08:56:00,2035
Finland,06:23:00,2037
El Salvador,16:08:00,2037
Cambodia,13:12:00,2039
Bahrain,16:29:00,2045
Barbados,23:23:00,2045
Guinea,05:41:00,2045
Croatia,16:22:00,2046
Equatorial Guinea,11:21:00,2047
Democratic Republic of the Congo,13:27:00,2048
Egypt,08:07:00,2052
Bahrain,06:35:00,2054
Austria,19:43:00,2058
Amdorra,08:20:00,2062
Gambia,12:08:00,2067
Guinea,23:45:00,2068
Amenia,01:27:00,2072
Congo (Congo-Brazzaville),08:40:00,2077
Cuba,04:18:00,2079
Costa Rica,02:54:00,2080
Dominica,07:21:00,2092
Amdorra,04:57:00,2097
Gambia,17:27:00,2099
Canada,19:43:00,2100
Colombia,07:21:00,2104
Ethiopia,17:27:00,2104
Germany,16:24:00,2105
Cabo Verde,04:52:00,2107
Amenia,19:15:00,2109
Amdorra,16:36:00,2114
Czechia (Czech Republic),23:45:00,2118
Greece,19:15:00,2122
Equatorial Guinea,10:14:00,2123
Amenia,19:38:00,2123
Equatorial Guinea,13:27:00,2126
Denmark,02:51:00,2127
Dominica,23:23:00,2131
Ghana,19:15:00,2138
Costa Rica,23:25:00,2142
Fiji,13:51:00,2145
Amdorra,23:25:00,2153
Croatia,19:15:00,2155
Costa Rica,15:20:00,2162
Eritrea,23:45:00,2164
Finland,04:18:00,2166
Austria,13:48:00,2166
Dominican Republic,19:15:00,2170
Egypt,19:15:00,2173
Georgia,19:15:00,2175
Cambodia,02:54:00,2187
Guatemaia,07:13:00,2189
Bahrain,15:20:00,2190
Gambia,10:29:00,2195
Estonia,01:27:00,2206
Eswatini (fmr.Swaziland),04:18:00,2215
Cuba,07:29:00,2216
France,17:27:00,2224
Bulgaria,16:36:00,2229
Bulgaria,19:15:00,2229
Brazil,23:23:00,2230
Albania,02:51:00,2241
France,23:10:00,2250
Barbados,13:48:00,2252
Costa Rica,19:15:00,2256
Estonia,06:23:00,2266
Georgia,23:10:00,2285
Egypt,03:35:00,2287
Cyprus,03:19:00,2300
Czechia (Czech Republic),08:20:00,2303
Ecuador,12:08:00,2310
Equatorial Guinea,19:15:00,2311
Fiji,06:23:00,2313
Chad,06:23:00,2314
Cambodia,19:15:00,2315
Brazil,08:29:00,2321
Amenia,07:21:00,2326
Albania,05:41:00,2327
Cambodia,19:43:00,2332
Comoros,04:57:00,2335
Austria,06:35:00,2352
Bulgaria,02:51:00,2386
China,17:27:00,2391
Fiji,08:46:00,2400
Eritrea,07:29:00,2409
Fiji,19:15:00,2417
Eswatini (fmr.Swaziland),07:21:00,2420
Ethiopia,19:15:00,2423
Guatemaia,04:18:00,2426
Greece,11:21:00,2435
Colombia,15:20:00,2436
Amdorra,08:29:00,2437
Equatorial Guinea,15:00:00,2437
Egypt,18:53:00,2440
Democratic Republic of the Congo,23:10:00,2457
Chile,19:15:00,2465
Cyprus,19:43:00,2470
Georgia,01:27:00,2470
Bahama,16:08:00,2503
Ethiopia,08:29:00,2521
Amdorra,19:15:00,2535
Ethiopia,01:27:00,2554
Estonia,19:15:00,2555
Congo (Congo-Brazzaville),15:20:00,2569
Colombia,16:22:00,2576
Central African Republic,08:29:00,2595
El Salvador,08:29:00,2599
Germany,19:15:00,2602
Eritrea,05:41:00,2612
Austria,19:15:00,2613
Gabon,19:15:00,2631
Estonia,18:53:00,2664
Brazil,08:07:00,2666
Guatemaia,08:40:00,2669
Barbados,19:15:00,2706
Bahama,13:12:00,2732
Ghana,08:56:00,2747
Ecuador,08:07:00,2750
Bulgaria,08:46:00,2751
Guatemaia,16:24:00,2801
Barbados,01:27:00,2863
Guinea,19:15:00,2873
Bahama,19:15:00,2883
Estonia,08:29:00,2887
Chile,08:56:00,2894
Greece,08:56:00,2899
Finland,19:15:00,2958
Comoros,19:15:00,2982
Ethiopia,13:12:00,2986
Cabo Verde,02:51:00,3004
Czechia (Czech Republic),19:15:00,3036
Bulgaria,01:13:00,3055
Croatia,08:20:00,3142
Canada,19:15:00,3195
Colombia,19:15:00,3283
Ecuador,19:15:00,3296
Grenada,04:52:00,3298
Dominican Republic,08:56:00,3327
Argentina,19:15:00,3359
El Salvador,19:15:00,3786
