Czechia (Czech Republic),Kulpsville,0
Barbados,Chagrin Falls,2
Cabo Verde,Conroe,6
Germany,Anchorage,6
Dominica,Ridgefield Park,7
Bahrain,Brighton,8
China,Rockford,11
Cuba,Middle Island,11
Guinea,Brighton,11
Cuba,Chagrin Falls,12
Chile,Ashland,13
Democratic Republic of the Congo,Columbia,14
Austria,Middle Island,22
France,Columbus,25
Comoros,Cook,26
Cuba,Camarillo,28
Gambia,Brighton,29
Finland,Shawnee,34
Croatia,Brighton,37
Cambodia,Mc Minnville,40
Chile,Cook,44
Argentina,Taylor,45
Amenia,Kulpsville,48
Gambia,Prineville,48
Brazil,Shawnee,48
Comoros,Butler,48
Eswatini (fmr.Swaziland),Ridgefield Park,49
Congo (Congo-Brazzaville),Aston,50
Comoros,San Antonio,50
Chile,Rockford,52
Dominica,Aston,52
Estonia,New York,54
Colombia,Kulpsville,55
El Salvador,Stevens Point,56
Germany,Chagrin Falls,59
Argentina,Hopkins,59
Albania,Rockford,62
Bahrain,Boston,63
El Salvador,Irving,63
Ethiopia,Cook,66
Congo (Congo-Brazzaville),Laredo,67
Croatia,Ashland,68
Eswatini (fmr.Swaziland),Abilene,68
Finland,Ridgefield Park,70
Cuba,Rockford,71
Eritrea,Taylor,78
Colombia,Taylor,80
Georgia,Madison,81
Central African Republic,Anchorage,82
Grenada,Laredo,84
Canada,Albany,84
Bahama,Butler,88
Germany,Irving,88
Bahrain,Albany,90
Costa Rica,Phoenix,91
Germany,Sioux Falls,92
Gambia,Boston,99
Dominica,Ashland,103
Ghana,Overland Park,103
Czechia (Czech Republic),Taylor,104
France,Milwaukee,106
Congo (Congo-Brazzaville),Camarillo,109
Chad,Aston,111
Ghana,Phoenix,112
Brazil,Anchorage,114
Democratic Republic of the Congo,Albany,114
Canada,Hopkins,114
Estonia,Ashland,114
Georgia,Prineville,115
Cyprus,Fairbanks,115
Czechia (Czech Republic),Albany,116
Grenada,Irving,116
Gambia,Stevens Point,116
Guatemaia,Phoenix,116
Chad,Middlesex,117
Austria,Conroe,119
Germany,Mc Minnville,121
Chile,Las Cruces,124
Gabon,Columbus,125
El Salvador,Chagrin Falls,126
Cyprus,Shawnee,128
Cuba,Conroe,131
Guatemaia,Camarillo,131
Guatemaia,Laredo,131
Bulgaria,Boston,131
Georgia,Anchorage,133
Albania,Chagrin Falls,133
Comoros,Sioux Falls,133
Grenada,Shawnee,135
Guatemaia,Middlesex,138
France,Stevens Point,138
France,Philadelphia,140
Ecuador,Gloucester,143
Bahama,Shawnee,149
Central African Republic,Irving,152
Austria,Ashland,153
China,Columbus,154
France,Brighton,157
Gambia,San Antonio,162
Bahama,Laredo,163
Gambia,Butler,165
Finland,Abilene,168
Costa Rica,Laredo,172
Central African Republic,Baltimore,175
Denmark,Milwaukee,176
Estonia,Middle Island,176
Chad,Las Cruces,176
Croatia,Rockford,177
Chad,Columbia,180
Albania,Miami,181
Gambia,Anchorage,182
Dominican Republic,Mc Minnville,184
France,San Antonio,185
China,Stevens Point,192
Georgia,Dunellen,192
Equatorial Guinea,Butler,194
Bulgaria,Overland Park,198
Cambodia,Milwaukee,200
Gabon,Anchorage,205
Eritrea,New York,207
Gambia,Sioux Falls,208
El Salvador,Overland Park,209
Dominica,Columbus,210
Comoros,New York,210
Colombia,Overland Park,211
Congo (Congo-Brazzaville),Kulpsville,212
Austria,San Antonio,212
Bulgaria,Mc Minnville,212
Georgia,Sioux Falls,215
Denmark,New Orleans,215
Eritrea,Laredo,216
Central African Republic,Phoenix,218
Gabon,Tullahoma,222
Bahama,Aston,223
Equatorial Guinea,Columbia,224
Ecuador,New Orleans,228
Georgia,Mc Minnville,229
Canada,Laredo,230
Bulgaria,Las Cruces,232
Eswatini (fmr.Swaziland),Philadelphia,232
Austria,Easton,233
Egypt,Taylor,236
Estonia,Columbus,238
Congo (Congo-Brazzaville),New York,239
Bahama,Madison,241
Georgia,San Antonio,242
Eswatini (fmr.Swaziland),Phoenix,242
Cambodia,Madison,242
Eswatini (fmr.Swaziland),Columbia,243
Greece,Metairie,247
Guatemaia,Taylor,249
Chile,New Orleans,250
Djibouti,Mc Minnville,256
Comoros,Baltimore,257
Djibouti,Middlesex,258
Cabo Verde,Butler,258
Amenia,Irving,262
Amdorra,Philadelphia,266
Ecuador,Phoenix,269
Guinea,Middlesex,271
Bahrain,Middlesex,274
Guinea,Columbia,275
Austria,Anchorage,276
Ghana,Cook,283
Ethiopia,Madison,286
Egypt,New Orleans,294
El Salvador,Columbia,296
Cyprus,Madison,297
Czechia (Czech Republic),Boston,302
Albania,Hopkins,302
France,Tullahoma,304
Equatorial Guinea,Chagrin Falls,309
Finland,New Orleans,314
Chile,Columbus,314
Greece,Butler,318
Fiji,Las Cruces,318
Austria,Stevens Point,319
Congo (Congo-Brazzaville),Middle Island,322
Bahama,Anchorage,323
Equatorial Guinea,Cook,324
Gabon,Milwaukee,324
China,Irving,324
El Salvador,Kulpsville,325
Congo (Congo-Brazzaville),Philadelphia,326
Czechia (Czech Republic),Dunellen,333
Guinea,Ashland,333
Eritrea,Middle Island,336
Estonia,Metairie,337
France,Cook,342
Greece,New York,344
Cyprus,Stevens Point,350
Colombia,Abilene,357
Eswatini (fmr.Swaziland),Shawnee,368
Cyprus,Brighton,368
Eritrea,Philadelphia,369
Germany,Shawnee,371
Colombia,Aston,372
Central African Republic,Dunellen,374
Ecuador,Camarillo,374
Argentina,Easton,374
Cuba,Milwaukee,377
Amdorra,Baltimore,384
Costa Rica,Abilene,386
Cabo Verde,Hopkins,386
Bahrain,Stevens Point,386
Congo (Congo-Brazzaville),Chagrin Falls,386
France,Abilene,388
Chile,Aston,389
Guinea,Baltimore,390
Barbados,Brighton,390
Djibouti,Dunellen,392
Ethiopia,Sioux Falls,392
Democratic Republic of the Congo,Laredo,392
France,Middlesex,392
Gambia,Dunellen,393
Eswatini (fmr.Swaziland),Boston,395
Amdorra,Camarillo,395
Barbados,Anchorage,396
Eritrea,Phoenix,399
Bahama,Camarillo,400
Barbados,Boston,404
Greece,Ashland,408
Fiji,Sioux Falls,408
Gabon,Prineville,410
Chile,Metairie,410
Bulgaria,San Antonio,413
Denmark,Columbus,414
Ecuador,Ridgefield Park,420
Czechia (Czech Republic),Stevens Point,423
Dominica,Sioux Falls,426
Dominica,Phoenix,427
Gambia,Chagrin Falls,427
Estonia,Stevens Point,428
Eswatini (fmr.Swaziland),Butler,428
China,San Antonio,432
Argentina,Madison,433
Eritrea,Camarillo,434
Amdorra,Gloucester,434
Bahrain,Metairie,434
Brazil,Milwaukee,434
Greece,Hopkins,435
France,Mc Minnville,436
Bahama,Boston,438
Grenada,Brighton,438
Grenada,Phoenix,441
Cuba,Sioux Falls,444
Grenada,Anchorage,445
Grenada,Middle Island,445
Fiji,New Orleans,446
China,Chagrin Falls,448
Central African Republic,Tullahoma,448
Djibouti,Laredo,449
Cyprus,Cook,450
Colombia,Las Cruces,450
Brazil,Taylor,450
Barbados,Abilene,454
Estonia,Aston,454
Fiji,Middle Island,455
Gambia,Tullahoma,457
Dominica,Butler,458
Cambodia,Metairie,462
Gambia,Camarillo,464
Germany,Gloucester,466
Amenia,Columbus,469
Dominican Republic,Gloucester,469
Eritrea,Chagrin Falls,470
Greece,Ridgefield Park,471
France,New York,471
Albania,Ridgefield Park,474
Canada,Aston,474
Argentina,Phoenix,474
Cabo Verde,Rockford,476
Barbados,Milwaukee,476
Croatia,Baltimore,478
Dominica,Conroe,478
Croatia,Cook,480
Bulgaria,Camarillo,482
Chad,Butler,482
Canada,Anchorage,482
Albania,Prineville,484
Dominica,Philadelphia,486
Denmark,Aston,486
Dominica,Kulpsville,489
Gambia,Middle Island,489
Cyprus,Aston,490
Ecuador,Columbus,490
Ethiopia,Ashland,492
Canada,New Orleans,492
Denmark,Taylor,494
Chile,Conroe,494
Ecuador,Sioux Falls,498
Guinea,Anchorage,499
Guatemaia,Sioux Falls,500
Guatemaia,Boston,504
Ethiopia,Conroe,504
Croatia,Conroe,506
Denmark,Kulpsville,514
Bulgaria,Butler,514
Dominica,Columbia,514
Brazil,Columbia,516
Amdorra,Dunellen,520
Czechia (Czech Republic),Madison,522
Djibouti,Boston,528
China,Dunellen,534
Fiji,Ashland,536
Democratic Republic of the Congo,Miami,542
Bulgaria,New York,544
Croatia,New Orleans,548
Eswatini (fmr.Swaziland),Anchorage,548
Austria,Kulpsville,554
Germany,Phoenix,558
Ecuador,Brighton,564
Cambodia,Irving,564
Bahama,Taylor,566
Democratic Republic of the Congo,Mc Minnville,568
Amdorra,Hopkins,568
Dominica,Las Cruces,572
Bahama,Chagrin Falls,576
Austria,Miami,576
Germany,Conroe,582
Argentina,Rockford,582
Greece,Taylor,594
Gambia,Hopkins,604
Greece,Anchorage,606
Germany,San Jose,609
Democratic Republic of the Congo,Easton,616
Ethiopia,Kulpsville,618
Eswatini (fmr.Swaziland),New Orleans,622
Fiji,Butler,624
Finland,Columbia,630
Eritrea,Abilene,632
Chile,Philadelphia,632
Ecuador,Dunellen,634
Cyprus,Overland Park,638
Brazil,Phoenix,638
Germany,Columbia,639
Denmark,Las Cruces,640
Finland,Milwaukee,644
Gambia,New Orleans,652
Barbados,Prineville,652
Amdorra,Ashland,658
Congo (Congo-Brazzaville),Baltimore,658
Guinea,Middle Island,662
Germany,Camarillo,662
Bahama,Dunellen,662
Amenia,Easton,663
Barbados,New Orleans,664
Central African Republic,Conroe,664
Finland,Anchorage,666
Argentina,Irving,666
Eswatini (fmr.Swaziland),Las Cruces,672
Guatemaia,Brighton,672
Croatia,Madison,674
Chile,Tullahoma,676
Finland,Mc Minnville,681
Chad,Prineville,681
China,Sioux Falls,684
Georgia,Kulpsville,686
Congo (Congo-Brazzaville),Brighton,688
Amenia,Rockford,688
Equatorial Guinea,Anchorage,690
El Salvador,Albany,692
Gabon,Las Cruces,694
Colombia,Irving,696
France,Columbia,700
Dominican Republic,Boston,710
Bahama,Conroe,712
Dominica,New Orleans,716
Ghana,Chagrin Falls,716
Grenada,Camarillo,717
Denmark,Rockford,720
Guinea,Aston,724
China,Hopkins,726
Dominica,Miami,736
Congo (Congo-Brazzaville),New Orleans,740
Guatemaia,Irving,752
Comoros,Anchorage,752
Chad,Shawnee,762
Gabon,Columbia,762
Czechia (Czech Republic),Las Cruces,764
Bahrain,Philadelphia,768
Dominica,Brighton,771
Denmark,Brighton,772
Germany,Laredo,780
Costa Rica,New Orleans,783
Chile,Hopkins,783
Barbados,Middle Island,784
Cuba,Philadelphia,786
France,Las Cruces,786
Colombia,Stevens Point,790
Cuba,Tullahoma,790
Cabo Verde,Albany,794
Cabo Verde,Mc Minnville,796
Dominica,Middlesex,798
Cabo Verde,Chagrin Falls,800
Colombia,Columbia,802
Grenada,Columbus,804
China,Anchorage,812
Costa Rica,Las Cruces,814
Albania,Dunellen,814
Fiji,Gloucester,816
Denmark,Sioux Falls,818
Georgia,Conroe,818
Comoros,Columbus,820
Fiji,Overland Park,828
Djibouti,Columbia,828
Fiji,Mc Minnville,828
Amenia,Taylor,834
Greece,Miami,836
Democratic Republic of the Congo,Shawnee,838
Costa Rica,Gloucester,840
Georgia,Hopkins,842
Brazil,Chagrin Falls,850
Djibouti,New Orleans,852
France,Anchorage,852
Grenada,Conroe,854
Brazil,Stevens Point,858
Comoros,Phoenix,858
Argentina,Las Cruces,860
Egypt,Madison,862
Amdorra,Anchorage,862
Ghana,New Orleans,862
Grenada,Ashland,866
Amdorra,Madison,866
Brazil,New Orleans,882
Colombia,Gloucester,882
Chile,Phoenix,882
Cyprus,Camarillo,882
Finland,Hopkins,886
Ecuador,Columbia,888
Central African Republic,New Orleans,890
China,Easton,891
Croatia,Milwaukee,894
Ecuador,Philadelphia,900
Cuba,Anchorage,900
Chad,Brighton,900
Cuba,Easton,902
Gambia,New York,904
Fiji,Abilene,904
France,Middle Island,906
Chad,Baltimore,908
El Salvador,Miami,910
Bahrain,Taylor,914
Finland,Middlesex,915
Dominican Republic,San Antonio,916
Czechia (Czech Republic),Hopkins,918
Grenada,Chagrin Falls,928
Central African Republic,Columbia,928
Djibouti,Hopkins,930
Chad,Anchorage,930
Amdorra,Ridgefield Park,938
Comoros,Madison,938
Guatemaia,Overland Park,940
Austria,Laredo,944
China,Taylor,946
Egypt,Hopkins,946
France,Conroe,951
Ghana,Stevens Point,956
Costa Rica,Brighton,960
Czechia (Czech Republic),Butler,962
Cambodia,Prineville,963
Guinea,Sioux Falls,966
Cabo Verde,Anchorage,968
Guatemaia,Dunellen,968
Cuba,Cook,970
Croatia,Camarillo,970
Ethiopia,Abilene,972
Croatia,Philadelphia,974
Barbados,Aston,974
Albania,Overland Park,976
Czechia (Czech Republic),Baltimore,978
Grenada,San Jose,980
Bulgaria,Chagrin Falls,982
El Salvador,Sioux Falls,984
Colombia,Butler,988
Dominican Republic,Ashland,990
Bahama,Columbus,992
Estonia,New Orleans,992
Central African Republic,Miami,996
Dominican Republic,Cook,998
Fiji,Baltimore,1006
Estonia,Las Cruces,1006
El Salvador,Columbus,1006
Denmark,Middle Island,1008
Eritrea,Stevens Point,1008
Cambodia,Conroe,1008
Amdorra,Taylor,1008
Denmark,Madison,1010
China,Madison,1010
Grenada,Hopkins,1012
Bahrain,Chagrin Falls,1014
Eritrea,Ashland,1014
El Salvador,Aston,1022
Congo (Congo-Brazzaville),Milwaukee,1024
Chad,Phoenix,1026
Comoros,Brighton,1026
Amenia,Madison,1028
Georgia,Columbia,1030
Cambodia,Gloucester,1034
Colombia,Brighton,1036
Cuba,Brighton,1038
Ethiopia,Irving,1044
Gabon,Brighton,1046
France,Metairie,1047
Fiji,Miami,1048
Colombia,Shawnee,1050
Ecuador,Middle Island,1050
Comoros,Irving,1052
Cabo Verde,Taylor,1056
Eritrea,Milwaukee,1058
Denmark,Baltimore,1059
Germany,Metairie,1060
Argentina,Milwaukee,1062
Chile,Boston,1062
Canada,Milwaukee,1062
Chad,Miami,1066
Chile,New York,1068
Denmark,Camarillo,1070
Cabo Verde,Columbia,1074
Central African Republic,San Antonio,1076
Grenada,Abilene,1078
Comoros,Las Cruces,1082
Brazil,New York,1082
Eritrea,Ridgefield Park,1083
Czechia (Czech Republic),Middle Island,1084
Eswatini (fmr.Swaziland),Los Angeles,1084
Argentina,Kulpsville,1084
Congo (Congo-Brazzaville),Mc Minnville,1089
Bahrain,Gloucester,1094
Denmark,Mc Minnville,1094
Albania,Irving,1098
Cabo Verde,Laredo,1100
El Salvador,Easton,1102
Gambia,Abilene,1108
Guinea,Columbus,1110
Cyprus,Easton,1110
El Salvador,New Orleans,1112
Equatorial Guinea,New Orleans,1112
Cambodia,Baltimore,1112
Amdorra,Stevens Point,1113
Egypt,Tullahoma,1116
Djibouti,Aston,1118
Guinea,Ridgefield Park,1124
Democratic Republic of the Congo,Madison,1126
Germany,Abilene,1126
Denmark,Hopkins,1128
Greece,Baltimore,1128
Cuba,Columbus,1132
Ghana,Madison,1134
Bahama,Rockford,1137
Austria,Dunellen,1137
Albania,Aston,1144
China,Philadelphia,1144
France,Phoenix,1144
Guinea,Albany,1144
Austria,Gloucester,1148
Estonia,Hopkins,1148
Barbados,Ashland,1152
Ecuador,New York,1156
Eritrea,Albany,1166
Germany,Columbus,1167
Ecuador,Miami,1170
Guinea,Overland Park,1170
Democratic Republic of the Congo,Camarillo,1170
Ghana,Las Cruces,1172
Croatia,Gloucester,1174
Colombia,Baltimore,1176
Germany,Madison,1176
China,Abilene,1178
Gambia,Phoenix,1180
Bulgaria,Taylor,1182
Greece,San Antonio,1188
Chad,Fairbanks,1192
Cabo Verde,Milwaukee,1194
Georgia,Taylor,1194
Chad,Cook,1197
Canada,Butler,1197
Equatorial Guinea,Sioux Falls,1206
Fiji,Laredo,1208
France,Rockford,1208
Brazil,Boston,1209
Ethiopia,Baltimore,1210
Denmark,Phoenix,1212
Amdorra,Columbus,1214
Ethiopia,Middlesex,1216
Grenada,Miami,1216
Dominican Republic,Phoenix,1218
Finland,Kulpsville,1218
Cabo Verde,Baltimore,1222
Croatia,Easton,1222
Comoros,Easton,1228
Guatemaia,Tullahoma,1230
Dominica,Taylor,1232
Ecuador,Madison,1232
Cyprus,Baltimore,1234
Costa Rica,Dunellen,1238
Austria,Mc Minnville,1242
Czechia (Czech Republic),Laredo,1242
Amenia,Overland Park,1242
Bahama,New York,1242
Gabon,Phoenix,1245
Ghana,Middlesex,1248
Eswatini (fmr.Swaziland),Prineville,1248
Finland,Camarillo,1250
Amdorra,Butler,1250
Ghana,Boston,1251
Cyprus,New York,1256
Dominican Republic,Laredo,1260
Germany,Baltimore,1264
Bahama,Middle Island,1264
Cabo Verde,Cook,1266
China,Albany,1268
Central African Republic,San Jose,1268
Guatemaia,Kulpsville,1269
Brazil,Rockford,1274
Eswatini (fmr.Swaziland),Mc Minnville,1274
Chad,Ridgefield Park,1274
Amenia,Middle Island,1276
Guinea,Shawnee,1276
Denmark,Stevens Point,1280
Grenada,Butler,1281
Austria,Phoenix,1284
Egypt,Metairie,1286
Ghana,Taylor,1287
Eswatini (fmr.Swaziland),Tullahoma,1288
Greece,Gloucester,1288
Bulgaria,Sioux Falls,1292
Central African Republic,Madison,1292
Amdorra,Shawnee,1292
Greece,Conroe,1294
Democratic Republic of the Congo,Boston,1294
Ghana,Baltimore,1296
Chad,Tullahoma,1296
Dominican Republic,Dunellen,1306
Brazil,Metairie,1308
Djibouti,Kulpsville,1310
China,New York,1316
Czechia (Czech Republic),Mc Minnville,1316
Equatorial Guinea,Shawnee,1318
Ethiopia,Brighton,1318
Ecuador,Metairie,1320
Albania,Gloucester,1326
Canada,Dunellen,1330
Amenia,Metairie,1330
Egypt,Fairbanks,1341
Ecuador,Abilene,1342
Gambia,Columbia,1342
Central African Republic,Shawnee,1344
Austria,Boston,1346
Canada,Irving,1348
Cabo Verde,Metairie,1354
Finland,San Antonio,1356
Dominica,San Antonio,1356
Chad,Milwaukee,1356
Equatorial Guinea,Milwaukee,1360
Argentina,Overland Park,1364
Croatia,Chagrin Falls,1365
Guatemaia,Metairie,1366
Cuba,Baltimore,1368
Guinea,Easton,1368
Equatorial Guinea,San Jose,1371
Cambodia,Dunellen,1372
Fiji,Tullahoma,1372
Eswatini (fmr.Swaziland),Cook,1374
Estonia,Camarillo,1374
Germany,Albany,1378
China,Mc Minnville,1380
Colombia,Cook,1380
Dominican Republic,Overland Park,1386
Chile,Shawnee,1398
Grenada,Columbia,1404
Cyprus,Kulpsville,1404
Finland,Las Cruces,1404
Canada,Philadelphia,1412
Comoros,Taylor,1413
Bahama,San Antonio,1419
Equatorial Guinea,Mc Minnville,1420
Ethiopia,Rockford,1422
Guinea,Cook,1424
Barbados,Irving,1426
Congo (Congo-Brazzaville),Metairie,1428
Cyprus,Philadelphia,1428
Bulgaria,Columbus,1428
China,Phoenix,1428
Bahama,Miami,1432
Equatorial Guinea,Baltimore,1434
Comoros,Overland Park,1434
Gabon,Camarillo,1436
Central African Republic,Columbus,1448
Gabon,Aston,1448
Grenada,Sioux Falls,1450
Austria,Butler,1454
Bahama,Metairie,1454
Czechia (Czech Republic),San Antonio,1454
Austria,Columbus,1464
Argentina,Columbia,1464
Barbados,Miami,1467
Amdorra,Aston,1470
Eswatini (fmr.Swaziland),Gloucester,1470
Costa Rica,Miami,1470
Dominican Republic,Irving,1470
Austria,Rockford,1473
Comoros,Middlesex,1476
Dominica,Boston,1476
Guatemaia,Baltimore,1479
Argentina,New Orleans,1484
Gabon,Ashland,1488
France,Gloucester,1491
Egypt,Sioux Falls,1491
Guinea,Mc Minnville,1491
Equatorial Guinea,Ridgefield Park,1504
Denmark,Chagrin Falls,1506
Central African Republic,Ridgefield Park,1508
Dominican Republic,Prineville,1520
Costa Rica,Prineville,1522
Grenada,Philadelphia,1524
Albania,Shawnee,1530
Colombia,Los Angeles,1530
Chile,Stevens Point,1532
Germany,San Antonio,1533
Finland,Chagrin Falls,1539
Djibouti,Butler,1539
Cabo Verde,Philadelphia,1540
Democratic Republic of the Congo,Anchorage,1540
Austria,Cook,1542
Grenada,Milwaukee,1542
Greece,Chagrin Falls,1544
Finland,Dunellen,1545
Austria,Albany,1551
Democratic Republic of the Congo,Hopkins,1551
Amenia,Dunellen,1552
Fiji,Columbia,1554
Fiji,Middlesex,1560
Albania,Las Cruces,1562
Central African Republic,Philadelphia,1563
Egypt,Philadelphia,1568
Greece,Kulpsville,1568
Finland,Ashland,1572
Eritrea,New Orleans,1575
Cuba,Dunellen,1576
Guatemaia,Madison,1578
Cyprus,Albany,1584
Grenada,Mc Minnville,1586
Ethiopia,Phoenix,1587
Gabon,Sioux Falls,1590
Chile,Middle Island,1596
Amenia,Stevens Point,1598
Guinea,Boston,1602
Comoros,Gloucester,1602
Croatia,Hopkins,1602
Chad,Taylor,1608
Djibouti,Sioux Falls,1610
Bahama,New Orleans,1610
Costa Rica,Chagrin Falls,1618
El Salvador,Tullahoma,1623
Brazil,Sioux Falls,1626
Chile,Middlesex,1632
Gambia,Metairie,1632
Egypt,Stevens Point,1644
Austria,Milwaukee,1644
Canada,Sioux Falls,1647
Georgia,Columbus,1647
Bulgaria,Miami,1650
Bulgaria,Milwaukee,1650
Cyprus,New Orleans,1650
Austria,Las Cruces,1650
Cuba,Hopkins,1659
Congo (Congo-Brazzaville),Madison,1659
Colombia,Middlesex,1677
Canada,Taylor,1677
Dominican Republic,Rockford,1678
Barbados,Shawnee,1686
Argentina,Aston,1689
Argentina,Sioux Falls,1689
Cabo Verde,Dunellen,1689
Ghana,Easton,1690
Greece,Sioux Falls,1692
Dominican Republic,Miami,1695
Estonia,Easton,1695
Estonia,Dunellen,1702
Grenada,Stevens Point,1704
Austria,Taylor,1707
Amenia,Middlesex,1716
Guinea,Conroe,1716
Barbados,Sioux Falls,1716
Fiji,Camarillo,1716
Djibouti,Albany,1716
Equatorial Guinea,Gloucester,1718
Bahrain,Columbia,1720
France,Shawnee,1722
Georgia,Gloucester,1726
Costa Rica,Shawnee,1728
Ethiopia,Albany,1734
Dominica,Hopkins,1746
Eritrea,Hopkins,1746
Cuba,Aston,1749
Comoros,Metairie,1749
Croatia,Ridgefield Park,1752
Comoros,Shawnee,1756
Chile,San Antonio,1767
Gambia,Ridgefield Park,1770
Amdorra,Milwaukee,1774
Chile,Laredo,1776
Central African Republic,Mc Minnville,1776
Finland,Middle Island,1784
Czechia (Czech Republic),Rockford,1785
Dominican Republic,Anchorage,1788
France,Albany,1790
Cambodia,Albany,1794
Guinea,San Antonio,1794
Greece,Albany,1798
Grenada,Middlesex,1802
Guatemaia,Anchorage,1806
Fiji,Boston,1809
Chad,Hopkins,1812
Georgia,New Orleans,1812
Democratic Republic of the Congo,San Jose,1816
Dominica,Chagrin Falls,1818
Brazil,Butler,1821
Estonia,Rockford,1821
Czechia (Czech Republic),Ashland,1822
Bulgaria,Laredo,1824
Congo (Congo-Brazzaville),Abilene,1827
Cambodia,Middle Island,1828
El Salvador,Brighton,1828
Grenada,Overland Park,1832
Bahama,Easton,1832
Ecuador,Milwaukee,1834
Eritrea,Madison,1836
Cuba,Mc Minnville,1839
Georgia,Phoenix,1839
Bahrain,Easton,1839
Ecuador,Prineville,1839
Finland,Madison,1844
Cuba,Boston,1845
Canada,Columbia,1848
Bulgaria,Shawnee,1851
Chad,Middle Island,1857
Argentina,Shawnee,1864
Greece,Camarillo,1866
Amdorra,Conroe,1878
Congo (Congo-Brazzaville),Tullahoma,1881
Cuba,Laredo,1884
Egypt,Dunellen,1890
Guinea,Stevens Point,1898
Cuba,Overland Park,1904
Cyprus,Taylor,1908
Canada,Metairie,1908
Democratic Republic of the Congo,Baltimore,1911
Democratic Republic of the Congo,Overland Park,1914
Czechia (Czech Republic),Middlesex,1917
Croatia,Phoenix,1926
Georgia,Rockford,1926
Amenia,Anchorage,1932
Croatia,Kulpsville,1934
Congo (Congo-Brazzaville),Columbus,1935
Comoros,Camarillo,1938
Brazil,Columbus,1941
Albania,Tullahoma,1944
El Salvador,Dunellen,1953
Croatia,Abilene,1960
Finland,Easton,1962
Georgia,Aston,1962
Djibouti,Miami,1965
Fiji,Milwaukee,1968
Czechia (Czech Republic),Prineville,1971
China,Laredo,1971
Cyprus,Miami,1974
Costa Rica,San Antonio,1980
Denmark,Albany,1980
Chad,Boston,1983
Eswatini (fmr.Swaziland),Conroe,1983
Amenia,Philadelphia,1986
Equatorial Guinea,Metairie,1986
Ghana,Irving,1992
Cuba,Los Angeles,2000
Cambodia,Taylor,2001
Democratic Republic of the Congo,Columbus,2007
Chad,Laredo,2010
Chad,Albany,2013
Djibouti,Philadelphia,2019
Greece,Overland Park,2028
Argentina,Cook,2028
Guatemaia,Abilene,2031
Barbados,Hopkins,2040
Argentina,Anchorage,2040
Greece,Los Angeles,2049
Djibouti,Rockford,2056
Bulgaria,Easton,2058
Gabon,Baltimore,2058
Albania,Kulpsville,2061
Eritrea,Butler,2064
Canada,Rockford,2064
Equatorial Guinea,Middlesex,2067
Grenada,Gloucester,2073
Cambodia,Stevens Point,2076
Estonia,Anchorage,2094
Cuba,Miami,2094
Ethiopia,Middle Island,2096
France,New Orleans,2100
Guinea,Gloucester,2106
Central African Republic,Las Cruces,2112
Congo (Congo-Brazzaville),Overland Park,2115
Ecuador,Las Cruces,2124
Estonia,Tullahoma,2127
Croatia,Columbus,2130
Amdorra,Metairie,2136
Colombia,Hopkins,2139
Chile,Camarillo,2139
Congo (Congo-Brazzaville),Easton,2142
Albania,Columbus,2142
Austria,Aston,2148
El Salvador,Phoenix,2152
El Salvador,Mc Minnville,2157
Finland,Butler,2157
Djibouti,Brighton,2157
Congo (Congo-Brazzaville),Gloucester,2157
China,Tullahoma,2175
France,Overland Park,2178
Costa Rica,Philadelphia,2178
Finland,Metairie,2181
Guatemaia,Butler,2187
Guinea,Irving,2188
Dominican Republic,Conroe,2188
Austria,Tullahoma,2193
Germany,Easton,2193
Guinea,New Orleans,2199
Comoros,Abilene,2202
Democratic Republic of the Congo,Milwaukee,2205
Chad,Madison,2205
Austria,Hopkins,2208
Bahama,Milwaukee,2208
Dominican Republic,Metairie,2211
Gambia,Milwaukee,2212
China,Gloucester,2214
Greece,Shawnee,2217
Georgia,New York,2220
Eritrea,Metairie,2223
Czechia (Czech Republic),New York,2226
Dominican Republic,Columbia,2228
Central African Republic,Milwaukee,2232
Barbados,San Antonio,2232
Croatia,Middle Island,2235
Brazil,Kulpsville,2238
Egypt,Baltimore,2238
Ecuador,Hopkins,2247
Canada,Easton,2250
Denmark,Columbia,2250
Germany,Kulpsville,2253
Grenada,Tullahoma,2264
Colombia,Camarillo,2272
Canada,Ridgefield Park,2274
Guinea,Rockford,2283
Djibouti,Columbus,2286
Colombia,Rockford,2286
Egypt,San Antonio,2289
Bulgaria,Philadelphia,2292
Bahrain,Milwaukee,2295
Bulgaria,Hopkins,2298
Canada,Las Cruces,2300
Democratic Republic of the Congo,Rockford,2301
Eswatini (fmr.Swaziland),Chagrin Falls,2304
Cabo Verde,Aston,2307
Albania,Boston,2310
Brazil,Dunellen,2310
Croatia,Boston,2310
Estonia,Madison,2319
Democratic Republic of the Congo,Metairie,2325
Cambodia,Middlesex,2328
Cuba,Prineville,2332
Canada,Mc Minnville,2337
Egypt,Ridgefield Park,2340
Djibouti,Phoenix,2340
Gambia,Shawnee,2343
Chile,Taylor,2343
Croatia,Prineville,2355
France,Boston,2358
El Salvador,Prineville,2361
Austria,Madison,2364
Estonia,Prineville,2367
Cyprus,Sioux Falls,2373
Guinea,Miami,2380
Cabo Verde,Boston,2384
Amenia,New Orleans,2385
Egypt,Butler,2397
Barbados,Phoenix,2397
Guatemaia,Albany,2406
Amenia,Milwaukee,2415
Croatia,Fairbanks,2418
Amenia,Columbia,2418
Ethiopia,San Antonio,2424
Brazil,Prineville,2430
China,Brighton,2436
Greece,Phoenix,2445
Canada,Brighton,2454
Grenada,New Orleans,2456
Gambia,Ashland,2457
Ethiopia,Fairbanks,2463
Cabo Verde,Miami,2469
Bahama,Hopkins,2469
Germany,Las Cruces,2472
Guatemaia,Mc Minnville,2472
Fiji,Stevens Point,2472
Georgia,Ashland,2475
Ecuador,Albany,2476
Equatorial Guinea,Laredo,2478
Ghana,Butler,2481
Gabon,New Orleans,2481
Egypt,Mc Minnville,2481
Chile,Anchorage,2487
Grenada,Las Cruces,2487
France,Dunellen,2490
China,Aston,2499
Gabon,Abilene,2500
Eritrea,Kulpsville,2502
Czechia (Czech Republic),Columbus,2502
Gambia,Kulpsville,2505
El Salvador,Laredo,2526
Cuba,Columbia,2532
Colombia,Prineville,2535
Egypt,Laredo,2541
Germany,Los Angeles,2544
Comoros,Boston,2544
Cabo Verde,Gloucester,2547
Georgia,Milwaukee,2553
Ghana,Mc Minnville,2556
Albania,Stevens Point,2559
Canada,Stevens Point,2562
Germany,Cook,2565
Finland,Stevens Point,2568
Finland,Phoenix,2571
Brazil,Mc Minnville,2580
Denmark,Los Angeles,2580
Denmark,Irving,2580
Czechia (Czech Republic),Easton,2583
Democratic Republic of the Congo,Conroe,2583
Ecuador,Ashland,2586
Democratic Republic of the Congo,Irving,2588
Canada,Prineville,2592
China,Fairbanks,2595
Amdorra,Miami,2595
Amenia,Laredo,2596
Ecuador,Taylor,2596
Denmark,Prineville,2598
Bahama,Tullahoma,2598
Estonia,Taylor,2598
Cabo Verde,Camarillo,2601
Ghana,Milwaukee,2607
Costa Rica,Easton,2608
Bahama,Brighton,2610
Djibouti,Ashland,2612
Greece,Fairbanks,2616
Greece,Tullahoma,2619
Egypt,Conroe,2625
Chile,Overland Park,2625
Dominica,Laredo,2628
Guatemaia,Conroe,2628
Dominican Republic,Albany,2628
Gambia,Laredo,2640
Austria,Shawnee,2640
Ethiopia,Camarillo,2644
Guatemaia,Cook,2646
Germany,New Orleans,2649
Dominica,Madison,2652
Canada,Overland Park,2655
Bulgaria,Middle Island,2656
Albania,Sioux Falls,2658
Dominican Republic,Abilene,2664
Greece,Boston,2664
Chile,Ridgefield Park,2667
Chile,Brighton,2667
Croatia,Tullahoma,2672
Ethiopia,Prineville,2672
Ghana,San Antonio,2673
Eswatini (fmr.Swaziland),Metairie,2673
Egypt,Middle Island,2676
Ghana,Philadelphia,2680
Cambodia,Phoenix,2682
Germany,Middlesex,2685
Bahama,Columbia,2688
Finland,Conroe,2692
Austria,Metairie,2694
Chile,Easton,2700
Colombia,Madison,2709
Amdorra,New York,2709
Georgia,Baltimore,2712
Costa Rica,Butler,2715
Dominican Republic,Kulpsville,2716
Djibouti,Gloucester,2724
Gabon,Hopkins,2727
Central African Republic,Middle Island,2730
Dominican Republic,Tullahoma,2730
Dominica,Camarillo,2733
Democratic Republic of the Congo,Chagrin Falls,2736
Egypt,Overland Park,2744
Costa Rica,Ashland,2744
Eswatini (fmr.Swaziland),San Antonio,2744
Ethiopia,Gloucester,2752
Fiji,Columbus,2754
Ethiopia,New Orleans,2756
Fiji,Rockford,2760
Amenia,Miami,2760
Eritrea,Columbus,2760
Albania,Albany,2763
Central African Republic,New York,2775
Djibouti,Camarillo,2775
Georgia,Camarillo,2778
Costa Rica,Ridgefield Park,2780
Dominica,Shawnee,2784
Eswatini (fmr.Swaziland),Camarillo,2787
Amenia,Ashland,2787
Germany,Overland Park,2796
Gabon,Philadelphia,2796
Greece,Milwaukee,2804
Colombia,Sioux Falls,2804
Canada,Shawnee,2808
Georgia,Los Angeles,2808
Estonia,Philadelphia,2808
Finland,Sioux Falls,2811
Egypt,Anchorage,2814
Bahrain,Laredo,2820
Gabon,Boston,2820
Colombia,Anchorage,2832
Brazil,Camarillo,2832
Albania,Easton,2838
China,Middlesex,2840
Ethiopia,Philadelphia,2840
Bulgaria,Metairie,2841
Colombia,Albany,2841
Amenia,Fairbanks,2845
China,Baltimore,2845
Austria,Irving,2853
Comoros,Hopkins,2856
Denmark,Miami,2856
Cambodia,Chagrin Falls,2859
Cyprus,Phoenix,2860
Ghana,Sioux Falls,2860
Dominican Republic,Madison,2862
Gambia,Columbus,2862
Finland,Gloucester,2864
Eswatini (fmr.Swaziland),Dunellen,2871
Eswatini (fmr.Swaziland),Ashland,2877
Democratic Republic of the Congo,San Antonio,2880
Democratic Republic of the Congo,Taylor,2884
Congo (Congo-Brazzaville),Las Cruces,2892
Czechia (Czech Republic),Abilene,2892
Gambia,Aston,2898
Argentina,Laredo,2901
Ghana,Ridgefield Park,2907
Equatorial Guinea,San Antonio,2908
Dominica,Middle Island,2910
Gambia,Middlesex,2915
Dominican Republic,Middle Island,2916
Chile,Columbia,2916
Chad,Camarillo,2919
Brazil,Overland Park,2931
Egypt,Brighton,2937
Chad,Stevens Point,2946
Dominica,Rockford,2949
Colombia,New York,2952
Cambodia,Rockford,2955
Estonia,Miami,2955
Chile,Butler,2958
Ecuador,Anchorage,2958
Argentina,Prineville,2960
Gambia,Philadelphia,2961
Cambodia,Cook,2967
Fiji,Phoenix,2970
Dominica,Milwaukee,2979
Comoros,Fairbanks,2988
Denmark,Middlesex,2994
Bahama,Cook,2997
Ethiopia,Overland Park,3003
Fiji,Shawnee,3006
Brazil,San Antonio,3006
Chad,San Antonio,3008
Equatorial Guinea,Kulpsville,3012
Croatia,Columbia,3015
Canada,Columbus,3015
Germany,New York,3015
Bulgaria,New Orleans,3018
Democratic Republic of the Congo,Phoenix,3020
Dominica,Dunellen,3028
China,Ashland,3030
Amdorra,Cook,3036
El Salvador,Abilene,3042
Guinea,Taylor,3052
Dominica,New York,3056
Eritrea,Shawnee,3057
Bahrain,New Orleans,3064
El Salvador,Anchorage,3072
Equatorial Guinea,Madison,3072
Colombia,Milwaukee,3096
Argentina,Columbus,3111
Denmark,Anchorage,3112
Cambodia,Anchorage,3116
Colombia,Easton,3120
Eswatini (fmr.Swaziland),Columbus,3132
Congo (Congo-Brazzaville),Columbia,3135
Comoros,Conroe,3135
Guinea,New York,3140
China,Middle Island,3144
Chile,Albany,3144
Congo (Congo-Brazzaville),Phoenix,3148
Brazil,Philadelphia,3148
Equatorial Guinea,Aston,3164
El Salvador,Middlesex,3168
Georgia,Tullahoma,3168
El Salvador,Boston,3180
Congo (Congo-Brazzaville),Anchorage,3183
Bahrain,Mc Minnville,3184
Cabo Verde,Columbus,3192
Czechia (Czech Republic),Aston,3195
Argentina,Ridgefield Park,3198
Amenia,Mc Minnville,3201
Gambia,Mc Minnville,3207
Comoros,Ridgefield Park,3220
Greece,Stevens Point,3220
Georgia,Shawnee,3224
Colombia,Laredo,3224
Amdorra,San Antonio,3234
Costa Rica,Metairie,3245
Gabon,Shawnee,3252
Canada,Middle Island,3255
Ethiopia,Taylor,3255
Barbados,Madison,3267
Cabo Verde,Madison,3268
Cabo Verde,Shawnee,3268
Fiji,New York,3270
Dominican Republic,Las Cruces,3270
Ecuador,Kulpsville,3276
China,Boston,3279
Ghana,Albany,3279
Georgia,Albany,3282
Amenia,San Antonio,3282
Colombia,Ridgefield Park,3294
Grenada,Boston,3296
Czechia (Czech Republic),Conroe,3296
Costa Rica,Albany,3296
Costa Rica,Mc Minnville,3296
Comoros,Laredo,3303
Estonia,Brighton,3308
Dominican Republic,Ridgefield Park,3315
Ghana,Ashland,3324
Comoros,Albany,3325
Bahama,Philadelphia,3325
Chile,Mc Minnville,3328
Albania,Metairie,3328
Bulgaria,Phoenix,3333
Egypt,Middlesex,3336
Denmark,Metairie,3339
China,Butler,3340
Cambodia,New York,3340
Cuba,Metairie,3348
Fiji,Chagrin Falls,3352
France,Chagrin Falls,3356
Amenia,Chagrin Falls,3356
Amenia,Phoenix,3370
Ethiopia,Stevens Point,3372
Amenia,Tullahoma,3375
Gabon,Albany,3378
Bahrain,Hopkins,3380
Argentina,San Antonio,3380
Congo (Congo-Brazzaville),Miami,3384
Dominican Republic,Hopkins,3384
Cambodia,Laredo,3385
Germany,Brighton,3385
Colombia,Columbus,3387
Djibouti,Stevens Point,3387
Bahrain,Madison,3387
Guatemaia,Philadelphia,3388
El Salvador,New York,3390
Comoros,Ashland,3396
El Salvador,Ashland,3404
Czechia (Czech Republic),Miami,3420
Comoros,Tullahoma,3424
Denmark,Ashland,3424
Canada,Middlesex,3425
Guatemaia,Miami,3428
Austria,New York,3432
Eswatini (fmr.Swaziland),Irving,3432
Barbados,Philadelphia,3440
Bahrain,Abilene,3440
Colombia,Philadelphia,3447
Dominican Republic,Camarillo,3448
Democratic Republic of the Congo,Tullahoma,3452
Finland,Los Angeles,3453
Cyprus,San Antonio,3456
Equatorial Guinea,Abilene,3459
Canada,Tullahoma,3460
Costa Rica,Hopkins,3460
Cuba,New Orleans,3468
Georgia,Middlesex,3468
Cabo Verde,Middlesex,3470
Dominica,Abilene,3472
Cyprus,Prineville,3476
Chad,Conroe,3484
Djibouti,Prineville,3492
Brazil,Tullahoma,3496
Finland,Rockford,3500
Argentina,Philadelphia,3504
Barbados,Las Cruces,3504
Gambia,Cook,3508
Guinea,Camarillo,3510
Czechia (Czech Republic),Shawnee,3516
Eritrea,Boston,3531
Equatorial Guinea,New York,3536
Costa Rica,Camarillo,3537
El Salvador,Hopkins,3544
Czechia (Czech Republic),Gloucester,3545
Bulgaria,Ashland,3552
Ethiopia,Chagrin Falls,3552
Cabo Verde,Sioux Falls,3560
Guatemaia,Columbia,3560
Austria,Middlesex,3570
France,Miami,3580
El Salvador,Shawnee,3582
Amenia,Baltimore,3588
Congo (Congo-Brazzaville),Butler,3588
Chile,Dunellen,3591
Georgia,Las Cruces,3603
Georgia,Brighton,3604
Djibouti,Chagrin Falls,3615
Bulgaria,Aston,3618
Chad,Philadelphia,3624
Argentina,Metairie,3624
France,Camarillo,3624
Costa Rica,Columbus,3636
Central African Republic,Chagrin Falls,3648
Djibouti,Overland Park,3648
Gabon,New York,3651
Croatia,Overland Park,3656
Cambodia,Brighton,3656
Cabo Verde,Phoenix,3660
Estonia,Conroe,3663
Comoros,Chagrin Falls,3668
Chile,Madison,3672
Grenada,Dunellen,3680
Bulgaria,Baltimore,3687
Cambodia,Abilene,3692
Cabo Verde,Ashland,3700
Greece,Easton,3704
Egypt,Abilene,3704
Cyprus,Anchorage,3712
Eritrea,San Antonio,3717
Democratic Republic of the Congo,Middle Island,3720
Amenia,San Jose,3724
Bahrain,Sioux Falls,3728
Chile,Gloucester,3735
Eswatini (fmr.Swaziland),Hopkins,3736
Guatemaia,Gloucester,3740
Canada,Kulpsville,3752
Dominica,Tullahoma,3755
Chad,Irving,3756
Grenada,Easton,3772
El Salvador,Rockford,3772
Barbados,Los Angeles,3775
Ghana,Columbia,3776
Finland,Aston,3780
Guatemaia,Hopkins,3780
Ghana,Metairie,3784
Equatorial Guinea,Albany,3785
Barbados,Easton,3789
Germany,Aston,3789
Barbados,Cook,3792
Cuba,Middlesex,3796
Egypt,Columbia,3800
Cuba,Irving,3808
Eritrea,Mc Minnville,3812
Albania,Brighton,3820
Denmark,Overland Park,3824
Fiji,San Antonio,3825
Croatia,Irving,3832
Amdorra,Fairbanks,3832
Chile,Chagrin Falls,3836
Barbados,Fairbanks,3844
Amdorra,Boston,3844
Albania,Middle Island,3855
Ecuador,Tullahoma,3856
Fiji,Taylor,3856
Denmark,Fairbanks,3884
Egypt,Rockford,3890
Cambodia,Boston,3904
Estonia,Mc Minnville,3908
Fiji,Metairie,3915
Egypt,Easton,3925
Egypt,Ashland,3932
Argentina,Gloucester,3940
Cambodia,San Antonio,3944
Amenia,Ridgefield Park,3948
Brazil,Middle Island,3960
Cyprus,Gloucester,3964
Brazil,Conroe,3968
Gabon,Stevens Point,3975
Denmark,New York,3976
Bahama,Albany,3988
Cyprus,Mc Minnville,3992
El Salvador,Madison,3996
Croatia,Metairie,4010
Argentina,Stevens Point,4010
Costa Rica,Sioux Falls,4015
Bahama,Phoenix,4016
Guatemaia,Easton,4024
Austria,Baltimore,4028
Guinea,Prineville,4044
Georgia,Abilene,4048
France,Ashland,4048
Bulgaria,Anchorage,4056
Amdorra,Phoenix,4056
Djibouti,San Antonio,4065
Canada,Boston,4071
Fiji,Cook,4072
Albania,Abilene,4076
Bahrain,Irving,4080
Cyprus,Laredo,4084
Comoros,Philadelphia,4088
China,Las Cruces,4092
Georgia,Cook,4095
Grenada,Aston,4096
Barbados,Columbus,4096
Albania,San Antonio,4100
Greece,Dunellen,4105
Central African Republic,Camarillo,4108
Democratic Republic of the Congo,Las Cruces,4108
France,Irving,4120
Barbados,Stevens Point,4136
Central African Republic,Overland Park,4137
Austria,Sioux Falls,4140
Barbados,Middlesex,4140
Bahrain,Anchorage,4140
Amdorra,Abilene,4144
Czechia (Czech Republic),Brighton,4145
Comoros,Milwaukee,4150
Cuba,San Antonio,4152
Amdorra,Middle Island,4160
Costa Rica,Taylor,4164
Central African Republic,Prineville,4175
Denmark,Laredo,4175
Gabon,San Antonio,4188
Eswatini (fmr.Swaziland),Milwaukee,4188
Fiji,Los Angeles,4190
Georgia,Metairie,4195
Ethiopia,Butler,4196
Ecuador,Easton,4200
Bahrain,New York,4204
Cabo Verde,Ridgefield Park,4215
France,Laredo,4216
Amenia,Gloucester,4216
Austria,Camarillo,4216
Finland,Columbus,4224
Gabon,Taylor,4224
Congo (Congo-Brazzaville),Shawnee,4228
Ecuador,San Antonio,4228
Guatemaia,Chagrin Falls,4230
Central African Republic,Aston,4232
Amenia,Sioux Falls,4244
Ghana,Aston,4245
Guatemaia,Aston,4248
Croatia,Laredo,4256
Eritrea,Miami,4272
Central African Republic,Butler,4280
Djibouti,Irving,4300
Amdorra,Chagrin Falls,4312
Eritrea,Prineville,4312
Egypt,Chagrin Falls,4325
Brazil,Hopkins,4332
Egypt,Phoenix,4332
Congo (Congo-Brazzaville),Irving,4335
Amdorra,Mc Minnville,4352
Austria,Columbia,4364
Amenia,Conroe,4364
Grenada,Metairie,4376
Dominican Republic,New Orleans,4380
Austria,Fairbanks,4380
Dominica,Fairbanks,4388
Cabo Verde,New York,4390
Comoros,New Orleans,4392
Brazil,Ridgefield Park,4396
Barbados,Columbia,4404
Ethiopia,Columbus,4404
Cuba,Albany,4404
Austria,Los Angeles,4408
Eswatini (fmr.Swaziland),Easton,4412
Albania,Madison,4416
Guinea,Madison,4424
Ecuador,Irving,4428
Gabon,Overland Park,4448
Croatia,San Antonio,4452
Dominican Republic,Taylor,4452
Bahrain,Tullahoma,4455
Barbados,Albany,4456
Amdorra,Sioux Falls,4460
Gambia,Conroe,4460
Bahrain,Overland Park,4460
Costa Rica,San Jose,4460
Eswatini (fmr.Swaziland),Madison,4470
Georgia,Ridgefield Park,4472
Dominica,Gloucester,4490
Barbados,Dunellen,4496
Eswatini (fmr.Swaziland),Middle Island,4496
Albania,Mc Minnville,4500
Argentina,Albany,4500
Greece,Mc Minnville,4508
Egypt,Shawnee,4508
Democratic Republic of the Congo,Abilene,4510
Brazil,Las Cruces,4512
China,New Orleans,4512
Ecuador,Boston,4515
Germany,Miami,4525
Djibouti,Tullahoma,4540
Congo (Congo-Brazzaville),Fairbanks,4544
China,Milwaukee,4544
Grenada,Prineville,4545
Equatorial Guinea,Rockford,4545
Dominica,Albany,4556
Gambia,Baltimore,4556
Bahrain,Camarillo,4560
Ghana,Abilene,4572
France,Hopkins,4572
Eritrea,Irving,4588
Dominica,Prineville,4596
Chile,Abilene,4605
Guinea,Chagrin Falls,4628
Croatia,Dunellen,4628
Croatia,Taylor,4636
Chad,Rockford,4640
Cambodia,Columbus,4648
Estonia,Laredo,4652
Finland,Albany,4668
Eswatini (fmr.Swaziland),Stevens Point,4672
Guinea,Philadelphia,4684
Cyprus,Boston,4685
Ethiopia,Columbia,4696
Ethiopia,Mc Minnville,4708
Eswatini (fmr.Swaziland),Laredo,4710
Argentina,Middlesex,4728
Amdorra,Prineville,4748
Bulgaria,Albany,4764
Georgia,Boston,4768
Djibouti,Anchorage,4780
Gabon,Irving,4796
Gabon,Chagrin Falls,4810
Bahama,Ridgefield Park,4812
Djibouti,Easton,4820
Cyprus,Rockford,4820
Comoros,Stevens Point,4820
Democratic Republic of the Congo,Ridgefield Park,4820
Greece,Middle Island,4828
Brazil,Irving,4836
Equatorial Guinea,Dunellen,4836
Greece,Cook,4836
Argentina,Ashland,4840
Comoros,Dunellen,4844
Croatia,New York,4845
Germany,Ashland,4848
Cyprus,Metairie,4860
Djibouti,Abilene,4872
Bulgaria,Brighton,4872
Amdorra,Middlesex,4876
Finland,Taylor,4888
Gabon,Metairie,4888
Cabo Verde,Middle Island,4895
Ghana,Conroe,4896
Democratic Republic of the Congo,New Orleans,4920
Cabo Verde,San Antonio,4924
El Salvador,San Antonio,4935
Ghana,Fairbanks,4950
Albania,Baltimore,4952
Costa Rica,Aston,4955
Gabon,Butler,4968
Cambodia,Ridgefield Park,4970
Albania,Butler,4975
Fiji,Madison,4984
Finland,Brighton,4988
Guatemaia,Milwaukee,5010
Eritrea,Gloucester,5030
Guatemaia,Ashland,5040
Bulgaria,Rockford,5045
Djibouti,Middle Island,5060
Germany,Tullahoma,5060
Chad,Columbus,5072
Ecuador,Shawnee,5075
Cyprus,San Jose,5105
Cuba,Abilene,5110
Ecuador,San Jose,5120
Bahrain,San Antonio,5120
Costa Rica,Madison,5132
Ghana,Anchorage,5140
Ethiopia,Shawnee,5145
Bahrain,Phoenix,5154
Cuba,Ridgefield Park,5155
Bahama,Mc Minnville,5155
Costa Rica,Los Angeles,5155
Gambia,Irving,5155
Cyprus,Ashland,5166
Equatorial Guinea,Phoenix,5176
Canada,New York,5176
Estonia,Middlesex,5185
Guinea,Hopkins,5188
Albania,Milwaukee,5200
Bulgaria,Middlesex,5200
Argentina,Butler,5220
Fiji,Hopkins,5224
Albania,Columbia,5235
Guinea,Metairie,5240
Colombia,Fairbanks,5240
Bahrain,Fairbanks,5255
Equatorial Guinea,Camarillo,5260
Dominican Republic,Stevens Point,5286
Czechia (Czech Republic),Sioux Falls,5290
Finland,Irving,5310
Czechia (Czech Republic),Phoenix,5316
Bahrain,Shawnee,5324
Chad,Gloucester,5325
Gambia,Albany,5330
Brazil,Brighton,5335
Georgia,Chagrin Falls,5340
Czechia (Czech Republic),Columbia,5352
Equatorial Guinea,Easton,5380
Bahama,Las Cruces,5385
Dominican Republic,Columbus,5388
Egypt,Camarillo,5388
Eswatini (fmr.Swaziland),Miami,5395
Denmark,Gloucester,5405
Comoros,Columbia,5405
Germany,Butler,5410
Colombia,Tullahoma,5412
Gabon,Cook,5425
France,Easton,5425
Gabon,Ridgefield Park,5428
Equatorial Guinea,Los Angeles,5430
Chad,Easton,5435
Fiji,San Jose,5460
Ethiopia,Aston,5476
Estonia,Los Angeles,5484
Guatemaia,Las Cruces,5488
Equatorial Guinea,Irving,5495
Czechia (Czech Republic),Chagrin Falls,5495
Amenia,Boston,5495
Cuba,Taylor,5505
France,Aston,5520
Central African Republic,Ashland,5528
Canada,Madison,5528
Eritrea,Middlesex,5532
Eritrea,Columbia,5538
Argentina,Boston,5568
Guatemaia,Middle Island,5568
Chad,Ashland,5572
Chad,Metairie,5575
Dominica,Overland Park,5585
Ethiopia,Ridgefield Park,5600
Estonia,Butler,5604
Colombia,New Orleans,5608
Amdorra,Tullahoma,5610
Bahama,Kulpsville,5620
Equatorial Guinea,Philadelphia,5624
Finland,Boston,5625
Eritrea,Cook,5632
Ecuador,Mc Minnville,5635
Fiji,Irving,5635
Austria,New Orleans,5652
Estonia,San Antonio,5675
Cyprus,Los Angeles,5675
Brazil,Cook,5680
Estonia,Irving,5684
Barbados,Rockford,5685
Brazil,Aston,5695
China,Columbia,5696
Albania,Conroe,5705
France,Ridgefield Park,5720
Colombia,San Antonio,5730
Finland,Miami,5750
Central African Republic,Albany,5750
Ghana,Hopkins,5756
Fiji,Philadelphia,5766
Fiji,Brighton,5775
Gambia,Easton,5776
Denmark,Dunellen,5790
Greece,San Jose,5792
Fiji,Dunellen,5792
Ethiopia,New York,5796
Estonia,Boston,5820
Ethiopia,Milwaukee,5825
Congo (Congo-Brazzaville),Los Angeles,5828
Estonia,Overland Park,5845
Albania,Philadelphia,5848
Albania,Anchorage,5850
Barbados,New York,5852
Greece,Columbus,5870
Cuba,Gloucester,5880
Gabon,Fairbanks,5910
Eswatini (fmr.Swaziland),Kulpsville,5925
Central African Republic,Sioux Falls,5930
Croatia,Anchorage,5940
Amenia,Los Angeles,5940
Czechia (Czech Republic),Camarillo,5945
Barbados,Overland Park,5952
Cambodia,Miami,5965
Central African Republic,Brighton,5970
Cyprus,Tullahoma,5972
Argentina,Dunellen,5976
El Salvador,Butler,5988
Costa Rica,Kulpsville,5990
France,Madison,6008
Cambodia,New Orleans,6016
Dominican Republic,Butler,6030
Equatorial Guinea,Overland Park,6035
Dominican Republic,Milwaukee,6036
Costa Rica,Rockford,6040
Bahrain,Aston,6045
China,Prineville,6055
France,Kulpsville,6056
Central African Republic,Gloucester,6060
Germany,Ridgefield Park,6064
Dominican Republic,Sioux Falls,6066
Finland,Philadelphia,6076
Fiji,Easton,6100
Costa Rica,Tullahoma,6110
Bulgaria,Stevens Point,6110
Amdorra,Las Cruces,6130
Cuba,New York,6140
Estonia,Chagrin Falls,6150
Croatia,Middlesex,6152
Dominica,Anchorage,6155
Gambia,Taylor,6155
Eswatini (fmr.Swaziland),Brighton,6160
Costa Rica,Cook,6165
Cabo Verde,Tullahoma,6165
Chile,Irving,6170
Dominican Republic,Middlesex,6175
Central African Republic,Easton,6195
Cyprus,Milwaukee,6195
Canada,Cook,6195
Greece,Laredo,6205
Austria,Brighton,6205
Equatorial Guinea,Brighton,6208
Comoros,Middle Island,6210
Equatorial Guinea,Hopkins,6222
Denmark,Shawnee,6230
Amenia,Albany,6240
Cambodia,Tullahoma,6248
Gambia,Overland Park,6250
Amdorra,Overland Park,6260
Congo (Congo-Brazzaville),San Jose,6288
Bahrain,Columbus,6295
Albania,Taylor,6300
Czechia (Czech Republic),Irving,6300
Ghana,Kulpsville,6310
Chad,Los Angeles,6310
Cuba,Las Cruces,6312
El Salvador,Camarillo,6312
Gabon,Easton,6368
Cyprus,Middle Island,6376
Greece,Prineville,6378
Eritrea,Anchorage,6380
Cyprus,Butler,6415
Dominica,Baltimore,6424
Egypt,Boston,6432
Colombia,Dunellen,6435
Costa Rica,Irving,6450
Congo (Congo-Brazzaville),Boston,6460
Barbados,Conroe,6500
Greece,Columbia,6500
Cambodia,Los Angeles,6505
Gabon,Rockford,6515
Czechia (Czech Republic),Anchorage,6520
Fiji,Aston,6520
Equatorial Guinea,Taylor,6530
Chad,Dunellen,6536
Denmark,San Antonio,6545
Cambodia,Fairbanks,6550
Canada,Gloucester,6550
Democratic Republic of the Congo,Middlesex,6550
Gabon,San Jose,6560
Gambia,Madison,6572
Comoros,Miami,6580
Amenia,Brighton,6585
Djibouti,Conroe,6585
Georgia,Miami,6600
Colombia,Miami,6605
El Salvador,Los Angeles,6605
Finland,Prineville,6620
Central African Republic,Hopkins,6635
Comoros,Prineville,6645
Amdorra,Brighton,6650
Ethiopia,Boston,6654
Cambodia,Kulpsville,6660
Bahama,Overland Park,6670
Equatorial Guinea,Stevens Point,6678
Guatemaia,San Antonio,6710
Georgia,Fairbanks,6714
Cyprus,Irving,6715
Canada,Baltimore,6725
Cabo Verde,Abilene,6730
Croatia,Shawnee,6740
Greece,New Orleans,6740
Cambodia,Sioux Falls,6755
Bahrain,Kulpsville,6780
Georgia,San Jose,6816
Guinea,Phoenix,6825
Eritrea,Easton,6825
Czechia (Czech Republic),Ridgefield Park,6830
Gabon,Mc Minnville,6835
Austria,Overland Park,6845
Cyprus,Ridgefield Park,6855
Albania,Camarillo,6870
Gabon,Laredo,6870
Amenia,New York,6888
Austria,Abilene,6925
Georgia,Easton,6925
Bahrain,San Jose,6948
Democratic Republic of the Congo,Brighton,6984
Ghana,Camarillo,7008
Denmark,Butler,7008
Cabo Verde,Prineville,7035
Gabon,Madison,7035
Eritrea,Aston,7038
China,Ridgefield Park,7050
Central African Republic,Fairbanks,7074
Ethiopia,Dunellen,7085
Central African Republic,Kulpsville,7085
Dominican Republic,Baltimore,7092
Guatemaia,Columbus,7115
Guinea,Kulpsville,7116
China,Miami,7122
Canada,Fairbanks,7140
Bahrain,Cook,7160
Bulgaria,Columbia,7168
Bulgaria,Gloucester,7170
Chile,San Jose,7180
Ethiopia,Hopkins,7200
Bahama,San Jose,7235
Bahrain,Conroe,7245
Finland,Baltimore,7250
Ethiopia,Tullahoma,7280
Djibouti,Madison,7300
Cuba,Ashland,7310
Democratic Republic of the Congo,Los Angeles,7320
Eswatini (fmr.Swaziland),Taylor,7340
Guinea,Butler,7368
Gabon,Miami,7386
Bahama,Fairbanks,7398
Grenada,Rockford,7420
Croatia,Los Angeles,7428
Egypt,Kulpsville,7470
Dominica,Mc Minnville,7470
Colombia,Ashland,7470
Albania,New Orleans,7485
Albania,Ashland,7495
Dominica,San Jose,7495
Argentina,Los Angeles,7500
Equatorial Guinea,Ashland,7505
Ecuador,Middlesex,7510
Finland,Overland Park,7525
Central African Republic,Laredo,7525
Guinea,Laredo,7530
Djibouti,Taylor,7536
Ghana,Tullahoma,7554
Cabo Verde,Fairbanks,7595
Bulgaria,Irving,7602
Guinea,Milwaukee,7614
Equatorial Guinea,Tullahoma,7626
Austria,Ridgefield Park,7638
El Salvador,Gloucester,7640
Eritrea,Los Angeles,7645
Cuba,Kulpsville,7645
Guatemaia,Stevens Point,7674
Dominican Republic,Aston,7692
Cabo Verde,Los Angeles,7692
Germany,Milwaukee,7698
Grenada,New York,7698
Cyprus,Columbia,7710
El Salvador,Ridgefield Park,7716
Costa Rica,Middle Island,7716
Estonia,Shawnee,7720
Brazil,Madison,7720
Fiji,Conroe,7728
Amdorra,Irving,7750
Ethiopia,Metairie,7752
Albania,Phoenix,7755
Congo (Congo-Brazzaville),Conroe,7765
Germany,Prineville,7770
Chad,Kulpsville,7775
Central African Republic,Los Angeles,7785
El Salvador,Middle Island,7790
Argentina,New York,7810
Costa Rica,Milwaukee,7840
Denmark,Ridgefield Park,7872
Barbados,Ridgefield Park,7900
Gambia,Gloucester,7902
Germany,Hopkins,7924
Equatorial Guinea,Columbus,7945
Eswatini (fmr.Swaziland),Rockford,7970
Democratic Republic of the Congo,Prineville,7970
Egypt,Cook,7995
France,Baltimore,8004
Central African Republic,Middlesex,8004
Bulgaria,Madison,8022
Cambodia,San Jose,8025
El Salvador,Taylor,8040
Grenada,Ridgefield Park,8046
Congo (Congo-Brazzaville),Dunellen,8046
Albania,Cook,8064
Comoros,Kulpsville,8076
Guatemaia,Shawnee,8124
Greece,Irving,8130
Guatemaia,Rockford,8135
Cambodia,Aston,8136
Eritrea,Baltimore,8145
Gabon,Middlesex,8148
Cuba,Butler,8160
El Salvador,Cook,8180
Gabon,Dunellen,8195
Germany,Taylor,8202
Estonia,Cook,8210
Equatorial Guinea,Prineville,8220
Albania,Laredo,8226
Colombia,Boston,8265
Egypt,Los Angeles,8267
Brazil,San Jose,8280
France,Taylor,8305
Grenada,San Antonio,8310
Guatemaia,New Orleans,8322
China,Shawnee,8365
Finland,New York,8370
Finland,Fairbanks,8385
Chad,Chagrin Falls,8412
Congo (Congo-Brazzaville),San Antonio,8430
Greece,Middlesex,8435
Gambia,Fairbanks,8448
Equatorial Guinea,Conroe,8455
Denmark,Cook,8466
Amdorra,Easton,8472
Gabon,Gloucester,8475
Fiji,Kulpsville,8502
Croatia,Mc Minnville,8515
Democratic Republic of the Congo,Cook,8520
Austria,Chagrin Falls,8526
Barbados,Camarillo,8550
Georgia,Stevens Point,8561
Egypt,Columbus,8570
Estonia,Ridgefield Park,8575
Gambia,Las Cruces,8580
Cabo Verde,Kulpsville,8592
Costa Rica,New York,8600
Czechia (Czech Republic),Tullahoma,8620
Egypt,Miami,8635
Fiji,Ridgefield Park,8638
France,Butler,8650
Barbados,Gloucester,8652
Brazil,Abilene,8655
Grenada,Baltimore,8670
Ecuador,Laredo,8712
Estonia,Gloucester,8715
Ghana,Miami,8718
Dominican Republic,New York,8718
Cyprus,Las Cruces,8730
Amdorra,Kulpsville,8760
El Salvador,Baltimore,8760
Bahrain,Prineville,8760
Guatemaia,New York,8802
Guatemaia,Los Angeles,8890
Ethiopia,Laredo,8930
Dominican Republic,Chagrin Falls,8945
Ghana,Gloucester,8952
Greece,Brighton,8965
France,Prineville,8976
Comoros,Mc Minnville,9012
Amdorra,New Orleans,9018
Amdorra,Laredo,9018
Ghana,Rockford,9023
Argentina,Mc Minnville,9042
Djibouti,Baltimore,9042
Equatorial Guinea,Miami,9045
Grenada,Albany,9045
Cabo Verde,New Orleans,9096
Costa Rica,Middlesex,9100
Estonia,Sioux Falls,9102
Djibouti,Las Cruces,9138
Barbados,Mc Minnville,9219
Congo (Congo-Brazzaville),Albany,9246
Denmark,Boston,9295
Comoros,Aston,9300
Denmark,Abilene,9310
Ecuador,Rockford,9324
Cambodia,Butler,9380
Eswatini (fmr.Swaziland),Albany,9396
Ghana,Middle Island,9402
Amenia,Shawnee,9408
Greece,Madison,9438
Estonia,Phoenix,9440
Egypt,New York,9456
Central African Republic,Metairie,9474
Canada,Camarillo,9480
Ghana,Dunellen,9498
Czechia (Czech Republic),New Orleans,9504
Czechia (Czech Republic),Milwaukee,9510
Canada,Miami,9534
Canada,Los Angeles,9546
Amenia,Hopkins,9564
Finland,Tullahoma,9576
Central African Republic,Stevens Point,9618
Central African Republic,Abilene,9624
El Salvador,Las Cruces,9630
Cambodia,Las Cruces,9632
Chile,Prineville,9655
Bahama,Gloucester,9655
Egypt,Aston,9660
Brazil,Laredo,9672
Greece,Philadelphia,9688
Djibouti,Shawnee,9688
Argentina,Baltimore,9712
Finland,Cook,9744
Ethiopia,Los Angeles,9768
Croatia,Albany,9786
Ecuador,Stevens Point,9792
Chile,Sioux Falls,9798
Cabo Verde,Overland Park,9822
Cyprus,Hopkins,9830
Croatia,Miami,9834
Dominica,Cook,9846
Georgia,Overland Park,9856
Congo (Congo-Brazzaville),Cook,9912
Ghana,Shawnee,9926
Croatia,Sioux Falls,9933
Costa Rica,Stevens Point,9966
Germany,Stevens Point,9972
Equatorial Guinea,Middle Island,9990
Bulgaria,San Jose,9996
Eswatini (fmr.Swaziland),Sioux Falls,10020
Brazil,Ashland,10026
Congo (Congo-Brazzaville),Ashland,10068
Colombia,Chagrin Falls,10116
Eswatini (fmr.Swaziland),Overland Park,10122
Guinea,Las Cruces,10182
Amenia,Abilene,10190
Fiji,Prineville,10194
Argentina,Middle Island,10248
Argentina,San Jose,10254
China,Metairie,10314
Ecuador,Cook,10368
Cambodia,Easton,10392
Barbados,Laredo,10470
Democratic Republic of the Congo,Sioux Falls,10488
Chad,Abilene,10500
Ecuador,Aston,10507
Barbados,Butler,10512
Estonia,Columbia,10528
Bahama,Los Angeles,10530
Cuba,San Jose,10580
Gambia,Los Angeles,10591
Barbados,Kulpsville,10626
Eswatini (fmr.Swaziland),Fairbanks,10640
Brazil,Gloucester,10734
Austria,Philadelphia,10764
Chile,Baltimore,10794
Grenada,Taylor,10822
Croatia,San Jose,10822
Argentina,Brighton,10824
Croatia,Las Cruces,10872
Colombia,Phoenix,10884
Cabo Verde,Irving,10890
Amenia,Aston,10906
Dominica,Stevens Point,10914
Cabo Verde,Easton,10932
Germany,Fairbanks,10934
Denmark,Tullahoma,10969
Greece,Rockford,10976
Colombia,Mc Minnville,10998
Democratic Republic of the Congo,Philadelphia,11039
Czechia (Czech Republic),Philadelphia,11052
Bahrain,Ashland,11094
Eritrea,Las Cruces,11106
Argentina,Conroe,11179
Cuba,Stevens Point,11242
Congo (Congo-Brazzaville),Middlesex,11304
Central African Republic,Boston,11319
Canada,Conroe,11352
Bulgaria,Ridgefield Park,11406
Democratic Republic of the Congo,Butler,11445
Croatia,Aston,11448
Cabo Verde,San Jose,11472
Canada,Ashland,11478
Bahama,Abilene,11496
Bahrain,Rockford,11522
Eswatini (fmr.Swaziland),San Jose,11550
Bulgaria,Kulpsville,11592
Egypt,Irving,11767
Bulgaria,Conroe,11781
Denmark,Philadelphia,11784
Costa Rica,Anchorage,11784
Barbados,Baltimore,11790
El Salvador,Fairbanks,11851
Cambodia,Camarillo,11886
Greece,Las Cruces,11928
Greece,Abilene,11934
Canada,San Antonio,11956
Germany,Middle Island,11970
Ecuador,Overland Park,11977
Ecuador,Los Angeles,12040
China,Kulpsville,12047
Dominican Republic,Los Angeles,12061
Eritrea,Conroe,12089
Ecuador,Baltimore,12243
Ghana,Laredo,12250
Eritrea,Fairbanks,12300
Amenia,Butler,12334
Cyprus,Abilene,12348
Djibouti,San Jose,12432
Costa Rica,Boston,12488
Guinea,Abilene,12516
Bahama,Irving,12522
Guinea,Dunellen,12540
Gambia,Miami,12600
Djibouti,Cook,12624
Eritrea,Sioux Falls,12714
Brazil,Middlesex,12810
Democratic Republic of the Congo,Ashland,12880
Ecuador,Butler,12908
Bahama,Baltimore,12952
Cuba,Madison,12971
Guinea,Tullahoma,13006
Germany,Philadelphia,13068
Cabo Verde,Stevens Point,13088
Georgia,Butler,13097
El Salvador,Philadelphia,13181
Gabon,Los Angeles,13188
Albania,Middlesex,13209
Bulgaria,Dunellen,13260
Cuba,Fairbanks,13278
Chad,Overland Park,13335
Germany,Boston,13336
Albania,New York,13356
Barbados,Tullahoma,13377
China,San Jose,13377
Dominican Republic,Easton,13377
Colombia,Metairie,13392
Democratic Republic of the Congo,Gloucester,13464
Austria,San Jose,13512
Czechia (Czech Republic),Los Angeles,13512
Ghana,Los Angeles,13573
Congo (Congo-Brazzaville),Taylor,13678
Brazil,Miami,13704
Chad,Mc Minnville,13744
Estonia,Kulpsville,13762
Chile,Milwaukee,13769
Central African Republic,Taylor,13818
Comoros,Rockford,13846
Bahrain,Las Cruces,13848
Equatorial Guinea,Boston,13867
Eswatini (fmr.Swaziland),Aston,13888
Amenia,Prineville,13895
Costa Rica,Fairbanks,13912
Egypt,Las Cruces,13928
Cuba,Phoenix,13937
Grenada,Cook,13960
Colombia,Conroe,13972
Bahama,Stevens Point,13979
Denmark,Easton,13992
Democratic Republic of the Congo,Kulpsville,14034
Georgia,Irving,14049
Guinea,Fairbanks,14098
Croatia,Stevens Point,14112
Cyprus,Chagrin Falls,14175
Ethiopia,Easton,14273
Fiji,Albany,14301
Chad,New York,14315
Cyprus,Columbus,14315
Bahrain,Ridgefield Park,14427
Bahrain,Baltimore,14456
Djibouti,Fairbanks,14480
Cyprus,Middlesex,14567
Czechia (Czech Republic),Overland Park,14686
Colombia,San Jose,14704
France,Sioux Falls,14714
Congo (Congo-Brazzaville),Rockford,15029
Costa Rica,Overland Park,15043
El Salvador,San Jose,15312
Dominican Republic,San Jose,15336
Bahama,Prineville,15358
Bahrain,Miami,15442
Austria,Prineville,15456
Egypt,Milwaukee,15570
Albania,San Jose,15720
Cambodia,Ashland,15757
Ethiopia,San Jose,15760
Djibouti,Los Angeles,15771
Bulgaria,Prineville,15771
Bulgaria,Fairbanks,15816
China,Cook,15820
Bahama,Sioux Falls,15824
Barbados,Taylor,15848
El Salvador,Conroe,15960
Argentina,Miami,16037
Guatemaia,Prineville,16037
Dominica,Easton,16408
Amenia,Las Cruces,16424
Argentina,Chagrin Falls,16506
Chile,Los Angeles,16569
Barbados,San Jose,16792
Bahama,Middlesex,16793
Bulgaria,Abilene,16870
Cambodia,Columbia,17080
Czechia (Czech Republic),Cook,17101
Czechia (Czech Republic),San Jose,17112
Ethiopia,Miami,17184
Amdorra,Rockford,17235
Democratic Republic of the Congo,Aston,17283
Egypt,San Jose,17344
El Salvador,Metairie,17344
Eritrea,San Jose,17432
Eritrea,Rockford,17456
Dominican Republic,Philadelphia,17631
Gambia,San Jose,17731
Fiji,Anchorage,17775
Cabo Verde,Las Cruces,17865
Ghana,Prineville,18080
France,Los Angeles,18272
Croatia,Butler,18328
Germany,Rockford,18424
Albania,Los Angeles,18450
Eritrea,Overland Park,18672
Costa Rica,Baltimore,18696
Dominica,Metairie,18712
Chile,Fairbanks,18837
Argentina,Fairbanks,18900
Amenia,Cook,18909
Brazil,Baltimore,18944
Brazil,Los Angeles,19215
Finland,Laredo,19458
Bulgaria,Los Angeles,19756
Amdorra,Los Angeles,19764
Amenia,Camarillo,19832
Brazil,Albany,20104
Gabon,Middle Island,20432
Central African Republic,Cook,20464
Congo (Congo-Brazzaville),Sioux Falls,20610
Ghana,San Jose,20960
El Salvador,Milwaukee,21204
Czechia (Czech Republic),Fairbanks,21231
Bulgaria,Cook,21861
Eritrea,Brighton,22008
Costa Rica,Columbia,22160
Amdorra,San Jose,22240
Georgia,Philadelphia,22256
Cambodia,Hopkins,22689
Democratic Republic of the Congo,Fairbanks,23260
Congo (Congo-Brazzaville),Prineville,23400
Gabon,Conroe,23733
Equatorial Guinea,Fairbanks,23805
Bahrain,Los Angeles,23860
Dominican Republic,Brighton,24048
Egypt,Gloucester,24129
Amdorra,Albany,24332
Canada,San Jose,25080
Albania,Fairbanks,25140
Brazil,Fairbanks,25993
France,San Jose,26040
Georgia,Middle Island,26091
Finland,San Jose,26140
China,Overland Park,26739
Ecuador,Fairbanks,26920
Guinea,San Jose,27243
France,Fairbanks,27420
Grenada,Fairbanks,27599
Dominica,Los Angeles,28140
Denmark,San Jose,28193
Grenada,Los Angeles,28270
Guinea,Los Angeles,29943
Guatemaia,Fairbanks,30288
China,Los Angeles,30492
Guatemaia,San Jose,31740
Chad,San Jose,32730
Dominican Republic,Fairbanks,33492
Comoros,Los Angeles,33800
Ethiopia,Anchorage,34969
Estonia,Baltimore,36113
Comoros,San Jose,36312
Estonia,Fairbanks,37059
Ghana,Columbus,44154
Fiji,Fairbanks,47788
Estonia,San Jose,55080
