Albania,2020-08-28,0
Gabon,2016-08-20,2
Amdorra,2010-02-25,4
Amenia,2019-01-12,8
Cambodia,2013-08-22,12
Chile,2010-06-16,14
Austria,2021-03-19,22
Czechia (Czech Republic),2013-02-05,26
Greece,2011-11-20,26
Colombia,2010-02-25,28
Ethiopia,2017-06-12,28
Austria,2020-07-15,29
Cabo Verde,2020-07-15,31
Guinea,2016-07-12,34
China,2013-05-14,41
Czechia (Czech Republic),2013-05-14,45
Croatia,2020-02-27,50
Bulgaria,2015-09-02,50
Bulgaria,2013-08-22,50
Brazil,2012-09-07,51
Denmark,2010-07-19,52
Ethiopia,2013-08-22,54
Ethiopia,2019-11-04,55
Cyprus,2012-08-19,55
Dominica,2016-12-04,65
Austria,2014-10-21,65
Dominica,2019-01-09,65
Congo (Congo-Brazzaville),2014-08-06,66
Grenada,2020-02-27,66
Cabo Verde,2016-12-04,68
Croatia,2012-08-19,70
Guinea,2010-07-19,71
Guinea,2013-02-05,72
Eritrea,2010-05-25,72
El Salvador,2020-02-27,72
Croatia,2014-09-21,74
Comoros,2018-10-06,74
Greece,2015-12-06,75
Chad,2016-07-12,76
Finland,2016-03-08,81
Germany,2019-07-07,82
Gambia,2021-03-19,83
Amenia,2014-06-25,85
Eswatini (fmr.Swaziland),2010-05-25,87
Ecuador,2017-01-20,89
China,2012-12-30,89
Eswatini (fmr.Swaziland),2014-06-25,89
Bahrain,2018-10-06,90
Chile,2013-09-05,92
Gabon,2013-09-05,95
Finland,2013-05-14,97
China,2011-11-20,97
Austria,2011-07-21,99
Czechia (Czech Republic),2016-04-13,101
Cyprus,2010-02-25,102
Brazil,2016-08-20,105
Colombia,2020-10-26,106
Barbados,2012-01-03,107
Eritrea,2011-02-22,108
Costa Rica,2012-08-19,109
Djibouti,2017-06-12,110
Albania,2018-11-17,111
Gambia,2019-11-04,116
Ghana,2016-07-12,117
Dominican Republic,2013-02-05,118
El Salvador,2015-06-20,121
Grenada,2015-09-02,122
Ecuador,2011-02-22,127
Chad,2016-08-20,131
Czechia (Czech Republic),2021-03-19,131
Albania,2019-12-10,132
Cuba,2012-08-19,133
Ecuador,2011-07-21,134
Eswatini (fmr.Swaziland),2012-01-03,135
Dominican Republic,2020-04-23,136
Fiji,2010-07-19,136
Grenada,2011-07-21,138
France,2016-03-08,139
Chile,2018-10-06,141
Argentina,2011-07-21,143
Greece,2017-01-20,144
Estonia,2015-09-02,145
Guatemaia,2019-01-09,147
Bahrain,2021-03-24,149
Comoros,2020-08-28,150
Grenada,2015-06-20,151
Cambodia,2011-07-30,155
Denmark,2019-01-09,157
Greece,2019-07-07,159
Bahama,2017-01-20,159
Argentina,2012-06-21,159
Croatia,2014-10-21,168
Amdorra,2017-01-20,169
Canada,2011-07-30,173
Grenada,2019-12-10,173
Dominican Republic,2011-07-21,175
Equatorial Guinea,2016-03-08,175
Central African Republic,2020-02-27,178
Denmark,2020-10-26,182
Greece,2018-11-17,182
Colombia,2013-09-05,184
Guatemaia,2012-09-07,184
Djibouti,2015-06-20,186
El Salvador,2018-11-17,188
Chile,2018-11-17,191
Ethiopia,2013-02-05,196
Germany,2017-06-12,196
Barbados,2019-11-04,197
Costa Rica,2014-06-25,201
Estonia,2010-06-16,202
Canada,2018-11-17,204
Gambia,2013-01-18,205
Democratic Republic of the Congo,2014-10-21,205
Greece,2011-07-30,206
Cyprus,2014-11-16,206
Cambodia,2019-11-04,207
Croatia,2012-01-21,208
Cambodia,2020-08-28,208
Brazil,2017-01-20,214
Bulgaria,2014-09-21,215
Chile,2010-07-19,216
Chad,2013-09-05,216
Austria,2013-08-22,216
Gambia,2012-09-07,216
Bulgaria,2013-05-14,218
Central African Republic,2018-11-17,219
Amdorra,2011-07-21,220
China,2013-09-05,221
Ethiopia,2012-06-21,224
Georgia,2016-04-13,225
China,2011-02-22,226
Democratic Republic of the Congo,2016-08-20,226
Ecuador,2015-12-06,228
Austria,2016-04-13,228
Central African Republic,2011-07-30,229
Greece,2016-04-13,229
Eswatini (fmr.Swaziland),2011-07-30,230
Bulgaria,2011-11-20,234
Ecuador,2015-06-20,234
Cabo Verde,2020-04-23,235
Barbados,2017-01-20,235
Eswatini (fmr.Swaziland),2012-09-07,237
Guatemaia,2019-07-07,239
Central African Republic,2010-07-19,239
El Salvador,2014-09-21,240
Brazil,2012-08-19,241
Argentina,2011-04-29,241
Dominican Republic,2011-04-29,242
Grenada,2016-03-08,242
Egypt,2019-01-09,242
Bahrain,2020-02-27,243
Bahama,2012-12-30,243
Barbados,2015-12-06,244
Egypt,2010-07-19,245
Gambia,2011-07-21,248
Comoros,2012-06-21,248
Equatorial Guinea,2021-03-24,249
Argentina,2020-10-26,250
Bahrain,2021-03-19,250
Brazil,2019-11-04,250
Cuba,2011-02-22,251
Greece,2019-11-04,253
Albania,2019-07-07,253
France,2012-12-30,256
Amdorra,2010-07-19,256
Bahama,2016-08-20,257
Georgia,2016-12-04,258
Fiji,2012-09-07,259
Chile,2011-11-20,260
Comoros,2018-11-17,260
Cyprus,2019-07-07,264
Denmark,2014-11-16,266
Ghana,2021-03-24,267
Comoros,2010-05-25,268
Greece,2019-01-09,271
Chad,2010-06-16,271
Argentina,2020-04-23,272
Ecuador,2016-08-20,273
Equatorial Guinea,2010-05-25,276
Cambodia,2011-07-21,276
Austria,2015-12-06,276
Cabo Verde,2020-10-26,277
France,2013-01-18,278
Dominica,2014-09-21,278
Finland,2019-07-07,282
Grenada,2019-01-12,282
Congo (Congo-Brazzaville),2011-07-30,282
Grenada,2014-09-21,284
El Salvador,2020-08-28,284
Guatemaia,2010-06-16,284
Grenada,2010-07-19,285
Cuba,2020-04-23,285
Amenia,2010-02-25,286
Grenada,2013-05-14,286
Cuba,2014-11-16,287
Equatorial Guinea,2020-07-15,287
Eswatini (fmr.Swaziland),2011-02-22,291
China,2018-11-17,292
Albania,2019-01-09,294
Egypt,2012-06-21,297
Finland,2019-12-10,297
Guinea,2015-09-02,298
Comoros,2020-07-15,300
Cabo Verde,2010-02-25,300
Gabon,2010-06-16,300
France,2019-11-04,303
Djibouti,2012-12-30,306
Bulgaria,2016-03-08,306
China,2020-08-28,307
Comoros,2016-08-20,308
Congo (Congo-Brazzaville),2020-08-28,310
Georgia,2016-08-20,311
Czechia (Czech Republic),2011-04-29,313
Gabon,2016-03-08,314
Bahrain,2019-11-04,314
Chad,2012-06-21,316
Ethiopia,2020-10-26,316
Djibouti,2015-09-02,317
Bahama,2021-03-24,317
Colombia,2015-09-02,317
Congo (Congo-Brazzaville),2016-07-12,318
Cuba,2013-02-05,319
Egypt,2012-01-21,321
Cabo Verde,2014-09-21,321
Greece,2016-12-04,324
Amenia,2012-08-19,324
Colombia,2014-11-16,324
Gambia,2010-06-16,324
Fiji,2010-05-25,325
Cabo Verde,2013-01-18,326
Czechia (Czech Republic),2013-08-22,326
Eswatini (fmr.Swaziland),2012-08-19,327
Costa Rica,2015-09-02,328
Guatemaia,2013-08-22,331
Gambia,2018-10-06,332
Chad,2013-01-18,334
Congo (Congo-Brazzaville),2011-04-29,335
Finland,2018-11-17,335
Greece,2015-09-02,335
Czechia (Czech Republic),2011-07-21,336
Egypt,2015-09-02,336
Comoros,2016-12-04,336
Denmark,2018-11-17,337
Colombia,2019-12-10,338
Cambodia,2016-12-04,339
Fiji,2010-06-16,339
Chile,2012-01-21,339
Denmark,2011-10-19,340
Guatemaia,2020-07-15,341
Argentina,2013-02-05,342
Congo (Congo-Brazzaville),2011-11-20,342
Georgia,2014-09-21,343
Bahama,2014-06-25,345
Djibouti,2011-11-20,346
Cyprus,2012-01-21,346
Denmark,2013-09-05,346
France,2014-06-25,347
Bahrain,2018-11-17,347
Bahama,2014-11-16,348
China,2017-01-20,350
Fiji,2011-02-22,350
France,2014-10-21,350
Amdorra,2012-06-21,351
Canada,2016-12-04,352
Finland,2012-12-30,353
Canada,2014-11-16,355
Fiji,2011-10-19,355
Costa Rica,2014-09-21,355
Fiji,2019-01-12,355
Guinea,2011-11-20,356
Cyprus,2020-02-27,357
Ghana,2011-11-20,357
Bahama,2014-10-21,357
Barbados,2019-01-12,360
Ghana,2019-01-12,361
Fiji,2013-02-05,363
China,2020-04-23,363
Fiji,2018-10-06,363
Dominican Republic,2018-11-17,364
Barbados,2018-10-06,365
Ethiopia,2019-07-07,365
Guinea,2016-03-08,366
Dominica,2012-01-21,366
Equatorial Guinea,2020-02-27,366
Ghana,2020-04-23,367
Georgia,2011-11-20,368
Guinea,2011-04-29,369
Eswatini (fmr.Swaziland),2012-06-21,370
Georgia,2021-03-19,370
Grenada,2016-08-20,371
Central African Republic,2011-07-21,374
Costa Rica,2011-02-22,375
Bahama,2019-07-07,375
El Salvador,2020-10-26,376
Comoros,2012-08-19,378
Amenia,2011-04-29,378
Grenada,2011-07-30,378
Cuba,2016-03-08,379
Austria,2012-06-21,380
Germany,2015-12-06,380
Brazil,2012-01-03,381
Congo (Congo-Brazzaville),2017-06-12,381
Bahrain,2013-08-22,385
Ecuador,2012-01-21,386
Cyprus,2012-09-07,387
Cabo Verde,2014-11-16,388
Central African Republic,2019-12-10,391
Guinea,2017-01-20,391
Amdorra,2015-12-06,393
Eswatini (fmr.Swaziland),2010-02-25,395
Colombia,2017-06-12,396
Guatemaia,2016-12-04,396
Democratic Republic of the Congo,2010-07-19,396
Dominica,2010-05-25,397
Croatia,2012-01-03,398
Cambodia,2018-11-17,398
Gabon,2011-02-22,398
Amenia,2011-10-19,399
Ethiopia,2018-10-06,399
Chile,2013-05-14,400
Germany,2020-10-26,400
Gambia,2011-07-30,401
France,2014-09-21,404
Grenada,2021-03-24,405
Cuba,2010-02-25,405
Dominican Republic,2011-11-20,407
Bulgaria,2012-09-07,408
Amdorra,2020-07-15,408
France,2021-03-19,408
Bahama,2011-10-19,409
Ghana,2013-05-14,409
Canada,2020-08-28,410
Finland,2014-09-21,410
Guinea,2016-12-04,411
Austria,2016-03-08,411
Fiji,2019-11-04,412
China,2012-09-07,413
Ethiopia,2019-12-10,413
Cuba,2019-01-12,414
Croatia,2010-07-19,414
Djibouti,2020-02-27,414
Guatemaia,2019-12-10,415
Estonia,2015-12-06,418
Austria,2013-05-14,419
Ghana,2018-10-06,419
Ecuador,2013-02-05,420
Ethiopia,2015-09-02,421
Chile,2020-02-27,421
Greece,2018-10-06,422
China,2012-08-19,422
Germany,2019-11-04,424
Congo (Congo-Brazzaville),2015-12-06,424
Djibouti,2013-05-14,424
Grenada,2012-08-19,425
Democratic Republic of the Congo,2015-06-20,425
Dominica,2012-06-21,425
Egypt,2014-09-21,425
Ethiopia,2012-01-03,426
Dominica,2011-11-20,426
Croatia,2020-10-26,426
Ghana,2012-01-03,426
Grenada,2012-09-07,427
Dominica,2021-03-19,427
Amdorra,2013-08-22,427
Brazil,2010-07-19,427
Dominican Republic,2019-07-07,428
Eritrea,2020-04-23,429
Bulgaria,2013-09-05,429
China,2015-12-06,429
Comoros,2014-06-25,429
Georgia,2015-12-06,430
Ghana,2010-06-16,432
Bahama,2016-12-04,433
Argentina,2021-03-24,433
Chile,2011-07-21,434
Dominican Republic,2016-03-08,434
Croatia,2020-07-15,435
Dominican Republic,2015-09-02,435
El Salvador,2011-07-21,436
Cuba,2013-01-18,437
Ethiopia,2015-12-06,438
Eritrea,2019-01-12,438
Comoros,2013-09-05,438
Brazil,2010-02-25,442
Denmark,2014-10-21,442
Greece,2016-08-20,442
Cyprus,2017-01-20,443
Djibouti,2019-07-07,443
Costa Rica,2012-12-30,443
Czechia (Czech Republic),2013-09-05,443
Albania,2011-02-22,444
Georgia,2015-09-02,444
Amdorra,2021-03-24,445
Democratic Republic of the Congo,2013-02-05,446
Eswatini (fmr.Swaziland),2015-06-20,447
Brazil,2016-03-08,447
Dominican Republic,2011-07-30,448
Albania,2016-08-20,448
Equatorial Guinea,2012-12-30,448
Canada,2020-04-23,449
Colombia,2019-07-07,450
Chad,2018-10-06,451
Colombia,2021-03-19,451
Costa Rica,2013-02-05,452
Djibouti,2014-09-21,452
Eritrea,2017-06-12,452
Guinea,2016-08-20,452
Dominica,2020-02-27,453
Dominica,2013-09-05,453
Croatia,2013-02-05,454
Gabon,2012-01-21,455
Canada,2014-10-21,455
Congo (Congo-Brazzaville),2019-12-10,456
Eswatini (fmr.Swaziland),2020-04-23,457
Gambia,2019-01-09,459
Germany,2021-03-19,460
Chad,2011-10-19,461
Ecuador,2019-12-10,462
Austria,2021-03-24,465
France,2016-04-13,466
Argentina,2010-06-16,466
Cambodia,2014-06-25,467
Amenia,2011-02-22,468
El Salvador,2010-07-19,469
Cyprus,2019-11-04,471
Cyprus,2010-05-25,471
Austria,2014-06-25,472
Czechia (Czech Republic),2020-07-15,473
Estonia,2012-01-21,475
Denmark,2012-01-03,476
Georgia,2016-03-08,476
Ecuador,2016-12-04,476
Barbados,2021-03-19,476
Fiji,2020-07-15,479
Grenada,2011-04-29,481
Finland,2016-12-04,481
Croatia,2011-07-21,482
Czechia (Czech Republic),2011-07-30,482
Greece,2021-03-19,483
Germany,2012-08-19,487
Cambodia,2021-03-24,488
Fiji,2011-04-29,489
Czechia (Czech Republic),2021-03-24,489
Brazil,2015-09-02,489
Czechia (Czech Republic),2012-01-03,489
Central African Republic,2014-09-21,490
Fiji,2014-08-06,491
Cyprus,2013-05-14,491
Guinea,2014-09-21,492
Germany,2014-11-16,493
Ecuador,2020-02-27,494
France,2013-05-14,494
Cyprus,2011-07-21,495
Georgia,2014-11-16,495
Chad,2019-01-12,495
Cyprus,2020-08-28,497
Central African Republic,2019-01-09,498
Cyprus,2021-03-19,498
Cyprus,2011-11-20,498
Georgia,2010-06-16,499
Fiji,2016-07-12,500
Democratic Republic of the Congo,2019-01-12,500
Chad,2019-12-10,504
El Salvador,2021-03-19,504
El Salvador,2013-09-05,505
Cyprus,2010-06-16,505
Czechia (Czech Republic),2014-11-16,506
Congo (Congo-Brazzaville),2014-10-21,506
Gabon,2018-10-06,507
El Salvador,2016-04-13,507
Chad,2014-06-25,509
Barbados,2014-08-06,509
Barbados,2018-11-17,510
Germany,2011-11-20,510
Georgia,2018-11-17,512
Central African Republic,2018-10-06,513
Democratic Republic of the Congo,2019-07-07,515
Costa Rica,2012-01-03,515
Albania,2013-05-14,517
Djibouti,2014-08-06,518
Argentina,2015-12-06,518
Ghana,2012-09-07,518
Estonia,2019-07-07,518
Czechia (Czech Republic),2018-11-17,518
Fiji,2011-07-30,519
Cuba,2016-07-12,519
Bahrain,2016-12-04,521
Estonia,2014-09-21,523
Equatorial Guinea,2011-10-19,524
Colombia,2012-06-21,524
Dominica,2015-06-20,524
Fiji,2017-06-12,525
Guinea,2012-09-07,526
Democratic Republic of the Congo,2019-01-09,527
Canada,2015-09-02,527
Egypt,2010-06-16,528
Djibouti,2013-01-18,529
Dominica,2016-07-12,529
China,2010-07-19,530
France,2020-08-28,531
Central African Republic,2013-05-14,532
France,2016-08-20,533
Ethiopia,2019-01-12,534
Argentina,2016-08-20,534
Grenada,2013-09-05,534
Croatia,2013-08-22,535
Greece,2011-10-19,535
Ecuador,2010-06-16,535
Ethiopia,2020-02-27,536
Cuba,2012-01-03,536
Guatemaia,2011-04-29,536
Croatia,2017-06-12,537
Cambodia,2019-07-07,537
Canada,2012-09-07,537
Bahrain,2013-01-18,537
Czechia (Czech Republic),2012-08-19,539
Amenia,2019-12-10,540
Ecuador,2012-08-19,540
Cuba,2017-01-20,540
Equatorial Guinea,2019-11-04,540
Canada,2013-05-14,542
Chad,2013-02-05,542
Austria,2019-07-07,542
Georgia,2011-07-21,542
Denmark,2012-01-21,543
Eritrea,2011-07-30,543
Guatemaia,2021-03-24,544
Democratic Republic of the Congo,2013-05-14,544
El Salvador,2015-12-06,545
France,2010-05-25,546
Comoros,2019-11-04,547
Ecuador,2016-03-08,547
Denmark,2020-02-27,547
Czechia (Czech Republic),2017-01-20,547
Chile,2011-02-22,547
Germany,2011-02-22,548
Canada,2016-08-20,548
Greece,2010-07-19,549
Cabo Verde,2020-02-27,549
Gabon,2015-06-20,549
Amenia,2017-01-20,550
Chile,2020-07-15,552
Gambia,2021-03-24,552
Djibouti,2018-10-06,554
Grenada,2019-01-09,555
Guatemaia,2013-02-05,555
Bahrain,2013-09-05,556
Dominican Republic,2021-03-24,556
Central African Republic,2013-02-05,557
Ecuador,2019-01-12,557
Brazil,2021-03-19,558
Chile,2021-03-24,559
Congo (Congo-Brazzaville),2016-04-13,559
Argentina,2016-04-13,559
Guinea,2012-06-21,560
Ecuador,2019-11-04,560
Dominican Republic,2011-10-19,560
Democratic Republic of the Congo,2012-01-21,561
Cuba,2015-12-06,562
Gambia,2014-10-21,562
Chile,2017-06-12,562
Guatemaia,2019-01-12,563
Central African Republic,2011-02-22,564
Chad,2017-06-12,564
Ecuador,2018-11-17,565
Eritrea,2014-10-21,565
Central African Republic,2013-01-18,567
Cabo Verde,2012-08-19,568
Eritrea,2012-08-19,569
Chad,2017-01-20,569
Cabo Verde,2011-10-19,569
France,2011-07-21,571
Ghana,2020-07-15,571
Cuba,2016-08-20,574
Amdorra,2020-04-23,574
Germany,2014-06-25,574
Estonia,2011-10-19,575
Grenada,2020-10-26,575
Cabo Verde,2018-11-17,577
Bahrain,2012-01-21,577
Fiji,2012-08-19,578
El Salvador,2020-04-23,578
Gambia,2019-07-07,578
Eritrea,2013-01-18,578
Czechia (Czech Republic),2010-05-25,579
Guatemaia,2014-11-16,579
Finland,2013-09-05,580
Georgia,2020-08-28,580
Georgia,2020-07-15,580
Canada,2014-08-06,581
Cabo Verde,2021-03-19,582
Gabon,2020-08-28,582
Gambia,2014-11-16,582
El Salvador,2011-04-29,582
France,2010-02-25,583
Bahama,2010-06-16,583
Austria,2019-01-12,583
Democratic Republic of the Congo,2019-12-10,583
Colombia,2014-08-06,584
Chad,2014-09-21,585
Finland,2015-09-02,585
Chad,2011-02-22,585
Estonia,2016-08-20,585
Eswatini (fmr.Swaziland),2011-10-19,586
Cambodia,2020-07-15,586
Guinea,2020-07-15,587
Costa Rica,2011-10-19,587
Democratic Republic of the Congo,2012-08-19,589
Cambodia,2014-09-21,589
Bahrain,2013-02-05,590
Chile,2014-08-06,590
Dominica,2017-01-20,590
Grenada,2020-04-23,591
Equatorial Guinea,2012-09-07,591
Comoros,2013-08-22,595
Germany,2018-11-17,595
El Salvador,2013-02-05,595
Amdorra,2019-07-07,596
Finland,2012-08-19,597
Eswatini (fmr.Swaziland),2021-03-24,597
France,2011-10-19,597
Ecuador,2021-03-19,598
Austria,2018-10-06,598
Amenia,2016-03-08,598
China,2011-07-30,599
Cambodia,2010-07-19,599
Chile,2019-07-07,599
Djibouti,2019-11-04,600
Bahama,2011-07-30,600
Georgia,2019-01-12,601
Central African Republic,2011-04-29,602
Democratic Republic of the Congo,2020-02-27,604
Comoros,2011-04-29,606
Bahrain,2011-04-29,606
Barbados,2016-12-04,606
Gambia,2012-08-19,606
Chad,2018-11-17,607
Amdorra,2011-02-22,607
Croatia,2017-01-20,607
Colombia,2016-08-20,609
Cambodia,2020-10-26,609
Ethiopia,2015-06-20,609
Denmark,2020-07-15,610
Estonia,2021-03-19,611
Canada,2017-06-12,612
Eswatini (fmr.Swaziland),2019-12-10,612
Austria,2012-01-21,613
Central African Republic,2011-10-19,613
El Salvador,2012-12-30,614
Estonia,2019-12-10,614
Democratic Republic of the Congo,2011-07-30,615
Bahama,2020-02-27,615
Comoros,2013-02-05,617
Eritrea,2019-01-09,617
Gabon,2013-02-05,619
Ethiopia,2011-04-29,620
Canada,2010-07-19,620
Cuba,2011-11-20,621
Democratic Republic of the Congo,2016-07-12,621
Albania,2012-06-21,622
Gabon,2017-01-20,622
Chad,2013-05-14,622
Gambia,2020-02-27,623
Estonia,2012-01-03,623
Finland,2010-06-16,624
Gambia,2012-06-21,624
Cambodia,2011-10-19,625
Fiji,2020-10-26,625
Barbados,2011-11-20,626
Cuba,2019-01-09,626
Equatorial Guinea,2013-08-22,626
Estonia,2013-05-14,626
France,2016-12-04,627
China,2013-01-18,628
Barbados,2019-07-07,628
Cabo Verde,2017-01-20,629
China,2014-10-21,630
Amdorra,2020-10-26,631
Cabo Verde,2016-03-08,631
Amdorra,2016-12-04,631
Denmark,2010-06-16,631
Ethiopia,2016-03-08,632
Gambia,2010-05-25,632
Ecuador,2014-11-16,633
Croatia,2019-07-07,634
Grenada,2017-06-12,635
Estonia,2016-07-12,635
Dominica,2011-10-19,635
Amdorra,2014-11-16,636
Amdorra,2016-04-13,636
Austria,2019-12-10,636
Austria,2018-11-17,637
Guinea,2019-07-07,637
Argentina,2015-06-20,638
Greece,2012-06-21,638
Cabo Verde,2013-08-22,639
Cabo Verde,2015-09-02,640
Dominican Republic,2020-02-27,640
Fiji,2015-06-20,640
Democratic Republic of the Congo,2020-04-23,641
Argentina,2012-09-07,641
Ecuador,2013-05-14,642
Georgia,2011-02-22,643
Gabon,2016-12-04,643
Argentina,2014-06-25,645
Egypt,2014-08-06,647
Grenada,2012-12-30,647
Bulgaria,2012-08-19,647
Finland,2020-02-27,649
Cabo Verde,2011-07-30,649
Albania,2015-09-02,651
Czechia (Czech Republic),2011-11-20,651
Gambia,2020-10-26,651
Argentina,2018-10-06,651
Ghana,2016-08-20,653
Canada,2013-09-05,654
Djibouti,2021-03-24,654
Croatia,2018-11-17,654
Denmark,2014-06-25,654
Costa Rica,2012-01-21,655
Denmark,2012-09-07,656
Egypt,2021-03-24,656
Guatemaia,2011-07-30,656
El Salvador,2011-11-20,656
Eritrea,2016-12-04,657
Congo (Congo-Brazzaville),2012-08-19,657
Greece,2012-09-07,658
Barbados,2016-08-20,658
Argentina,2019-01-12,659
Colombia,2010-06-16,659
Ghana,2019-01-09,660
Cambodia,2016-08-20,660
Dominican Republic,2020-08-28,660
Central African Republic,2016-04-13,661
Ghana,2011-07-21,661
Eswatini (fmr.Swaziland),2013-01-18,663
Djibouti,2013-09-05,664
Guatemaia,2012-01-21,665
Djibouti,2012-01-21,665
Cuba,2017-06-12,665
Estonia,2012-06-21,665
Cuba,2012-12-30,666
Egypt,2020-08-28,666
Croatia,2015-09-02,667
Chile,2011-04-29,667
Fiji,2011-07-21,668
China,2019-01-09,669
Ecuador,2011-04-29,669
Georgia,2018-10-06,670
Djibouti,2019-12-10,672
Comoros,2014-10-21,672
Egypt,2019-07-07,672
Guinea,2011-07-21,673
Estonia,2020-04-23,673
Eswatini (fmr.Swaziland),2014-10-21,673
Amenia,2012-01-03,676
Dominica,2018-10-06,677
Colombia,2010-05-25,677
Costa Rica,2010-02-25,678
Djibouti,2019-01-12,680
Comoros,2019-01-09,680
Eswatini (fmr.Swaziland),2018-11-17,680
Ecuador,2018-10-06,681
Ghana,2010-05-25,681
El Salvador,2010-06-16,681
Albania,2012-01-03,681
Germany,2018-10-06,681
Congo (Congo-Brazzaville),2015-06-20,682
Cambodia,2010-06-16,682
Cabo Verde,2011-04-29,682
Djibouti,2012-09-07,683
Amdorra,2018-11-17,683
Albania,2018-10-06,683
Finland,2016-08-20,685
Brazil,2014-09-21,686
Gambia,2016-03-08,686
Brazil,2011-07-30,686
Czechia (Czech Republic),2019-01-12,687
Croatia,2015-12-06,688
Albania,2011-07-30,688
Bulgaria,2012-12-30,688
Equatorial Guinea,2021-03-19,689
Chile,2021-03-19,689
Gambia,2019-01-12,690
El Salvador,2016-12-04,690
Croatia,2016-12-04,690
Egypt,2013-09-05,692
Chile,2016-04-13,693
Equatorial Guinea,2015-06-20,693
Ecuador,2020-07-15,693
Ghana,2013-02-05,693
Eritrea,2016-08-20,694
Bahrain,2019-01-12,694
Democratic Republic of the Congo,2016-04-13,696
Estonia,2020-02-27,696
Czechia (Czech Republic),2020-02-27,696
Comoros,2016-03-08,696
Amenia,2014-08-06,698
Democratic Republic of the Congo,2010-02-25,698
Estonia,2016-04-13,700
Chad,2011-04-29,700
Guinea,2018-10-06,701
Comoros,2020-04-23,701
Ecuador,2011-07-30,703
Cyprus,2013-08-22,703
Georgia,2012-09-07,703
Ghana,2012-06-21,704
Cuba,2011-10-19,704
Cabo Verde,2010-07-19,706
Gambia,2014-08-06,706
Bahama,2011-11-20,706
Grenada,2013-01-18,706
Eswatini (fmr.Swaziland),2013-05-14,707
Ghana,2020-08-28,707
Greece,2014-10-21,707
Central African Republic,2015-12-06,708
El Salvador,2019-12-10,708
Argentina,2013-05-14,708
Congo (Congo-Brazzaville),2019-11-04,709
Bahama,2017-06-12,709
Cuba,2012-09-07,710
Cabo Verde,2010-06-16,710
El Salvador,2016-07-12,713
Dominican Republic,2019-01-12,714
France,2016-07-12,717
Amdorra,2021-03-19,717
Amdorra,2017-06-12,717
Cuba,2010-07-19,718
Greece,2020-04-23,718
Congo (Congo-Brazzaville),2018-11-17,719
Costa Rica,2016-12-04,719
Germany,2014-09-21,719
Chad,2019-01-09,720
Democratic Republic of the Congo,2014-06-25,720
Amenia,2016-08-20,721
Djibouti,2020-04-23,721
Bahrain,2020-08-28,721
Bahama,2019-11-04,722
Austria,2012-01-03,722
Colombia,2018-11-17,723
Djibouti,2017-01-20,724
Finland,2011-02-22,725
Canada,2010-02-25,726
Eswatini (fmr.Swaziland),2019-01-09,727
Equatorial Guinea,2015-09-02,727
El Salvador,2011-07-30,728
Dominica,2019-11-04,728
Congo (Congo-Brazzaville),2020-07-15,729
Eswatini (fmr.Swaziland),2016-08-20,730
Dominican Republic,2011-02-22,732
Congo (Congo-Brazzaville),2013-09-05,732
Cyprus,2013-01-18,732
Bahrain,2012-06-21,732
Costa Rica,2016-04-13,732
Guinea,2019-01-12,733
Cyprus,2013-02-05,733
Bahama,2012-01-03,733
Cambodia,2020-04-23,734
China,2012-06-21,734
Guatemaia,2018-11-17,734
Chad,2020-08-28,734
Congo (Congo-Brazzaville),2016-08-20,735
Chile,2014-11-16,735
Dominica,2014-08-06,736
Chad,2019-11-04,736
Argentina,2015-09-02,736
Gambia,2015-12-06,736
Barbados,2010-07-19,738
Denmark,2013-08-22,739
Albania,2017-06-12,740
Democratic Republic of the Congo,2014-09-21,742
China,2011-10-19,743
Democratic Republic of the Congo,2011-07-21,743
Egypt,2013-02-05,743
Finland,2012-01-03,744
Cabo Verde,2012-12-30,744
Finland,2017-06-12,744
Egypt,2019-11-04,744
Barbados,2016-03-08,745
Denmark,2013-01-18,745
Argentina,2011-07-30,745
France,2017-06-12,746
Estonia,2011-11-20,746
Amdorra,2010-06-16,747
Comoros,2021-03-24,748
Croatia,2018-10-06,749
Cambodia,2012-09-07,749
Guatemaia,2018-10-06,749
Denmark,2011-07-30,752
Germany,2012-09-07,754
Dominican Republic,2010-06-16,754
Germany,2015-09-02,756
Bahama,2013-02-05,756
Dominica,2012-01-03,758
Denmark,2014-09-21,759
Central African Republic,2012-06-21,759
Central African Republic,2014-11-16,760
Barbados,2011-10-19,760
Dominica,2019-07-07,760
Cambodia,2011-11-20,760
Georgia,2010-07-19,760
Ecuador,2011-10-19,761
Greece,2010-06-16,761
Bulgaria,2020-04-23,761
Amdorra,2015-09-02,761
Greece,2012-12-30,761
Chile,2019-11-04,762
Eswatini (fmr.Swaziland),2017-06-12,762
Grenada,2014-11-16,762
China,2013-02-05,762
France,2015-12-06,762
China,2020-02-27,763
Cuba,2019-11-04,764
Finland,2012-06-21,766
Cuba,2014-10-21,766
Canada,2016-03-08,767
Colombia,2015-06-20,770
Denmark,2012-08-19,770
Dominica,2011-07-30,770
Dominica,2014-10-21,770
Congo (Congo-Brazzaville),2019-01-09,771
Gabon,2013-01-18,772
Egypt,2013-08-22,772
Argentina,2014-11-16,772
Dominica,2013-01-18,772
Germany,2016-03-08,773
Canada,2010-05-25,773
El Salvador,2021-03-24,773
Comoros,2017-06-12,773
Cyprus,2019-12-10,775
Gambia,2019-12-10,775
Denmark,2016-07-12,775
Austria,2017-06-12,776
Egypt,2014-10-21,776
Comoros,2015-09-02,778
Argentina,2010-07-19,778
Albania,2013-08-22,778
Eswatini (fmr.Swaziland),2016-12-04,779
Cabo Verde,2019-01-09,779
Democratic Republic of the Congo,2013-08-22,779
Austria,2020-04-23,780
Georgia,2013-08-22,780
Albania,2016-03-08,780
Costa Rica,2019-12-10,781
Albania,2012-08-19,781
Chile,2017-01-20,782
Bahama,2010-07-19,783
Egypt,2010-02-25,784
Eritrea,2012-09-07,785
Grenada,2017-01-20,785
Cuba,2019-07-07,787
Cuba,2019-12-10,788
Denmark,2016-12-04,788
Dominican Republic,2016-08-20,788
Cabo Verde,2012-01-21,789
Guinea,2013-08-22,789
Congo (Congo-Brazzaville),2016-12-04,790
Central African Republic,2012-08-19,790
Czechia (Czech Republic),2012-01-21,790
Finland,2018-10-06,790
Colombia,2010-07-19,791
Gabon,2013-05-14,792
Cuba,2015-06-20,792
Greece,2010-05-25,793
Denmark,2013-05-14,793
Bulgaria,2020-07-15,793
Gabon,2020-04-23,793
Cambodia,2015-09-02,793
Germany,2013-02-05,794
Comoros,2020-02-27,794
Dominica,2015-09-02,794
Congo (Congo-Brazzaville),2020-02-27,797
France,2020-07-15,797
Argentina,2011-02-22,797
Colombia,2019-11-04,797
Democratic Republic of the Congo,2011-10-19,798
Georgia,2020-04-23,799
Greece,2017-06-12,800
Central African Republic,2020-07-15,800
Bahrain,2015-09-02,801
Barbados,2011-04-29,801
Central African Republic,2019-07-07,801
Brazil,2019-01-09,801
Cambodia,2019-12-10,801
Cuba,2013-05-14,802
El Salvador,2012-09-07,803
Finland,2021-03-19,803
Chile,2014-10-21,803
Cyprus,2021-03-24,803
Denmark,2019-01-12,803
Guatemaia,2020-08-28,804
Guatemaia,2013-09-05,804
Chad,2015-12-06,805
Bahama,2020-07-15,806
Guatemaia,2012-06-21,806
Austria,2011-10-19,806
Comoros,2011-07-30,806
Czechia (Czech Republic),2020-04-23,807
Eswatini (fmr.Swaziland),2020-07-15,807
Bulgaria,2012-06-21,807
Bulgaria,2020-08-28,807
Bulgaria,2011-10-19,809
Ethiopia,2012-08-19,809
Central African Republic,2016-08-20,810
Egypt,2011-02-22,810
Chad,2011-07-21,810
France,2012-08-19,811
Colombia,2013-08-22,811
Amdorra,2016-08-20,811
Fiji,2011-11-20,813
Egypt,2016-07-12,815
Amdorra,2013-05-14,815
Albania,2013-09-05,816
Greece,2014-11-16,816
Amdorra,2016-03-08,816
Amdorra,2013-09-05,816
Costa Rica,2016-08-20,818
Colombia,2012-01-03,818
Estonia,2019-01-12,820
Ethiopia,2014-11-16,820
Canada,2016-04-13,821
Germany,2011-07-21,822
Eritrea,2014-09-21,823
Albania,2015-12-06,824
Egypt,2011-11-20,824
Finland,2012-09-07,825
Argentina,2011-11-20,825
Gabon,2020-10-26,826
Croatia,2011-07-30,826
France,2014-08-06,827
Bahama,2020-08-28,828
Germany,2016-07-12,829
Finland,2014-10-21,830
Czechia (Czech Republic),2018-10-06,830
Barbados,2019-01-09,831
Amenia,2010-05-25,832
Gambia,2016-12-04,833
Dominica,2016-04-13,833
Gambia,2016-08-20,833
Finland,2013-08-22,834
Cambodia,2017-06-12,834
Gambia,2010-07-19,835
Colombia,2012-01-21,835
Ethiopia,2019-01-09,836
China,2021-03-24,836
Dominica,2016-08-20,836
Djibouti,2016-12-04,836
Gabon,2017-06-12,836
Bahrain,2010-07-19,837
Ethiopia,2021-03-24,838
Germany,2020-08-28,839
Georgia,2015-06-20,840
Eritrea,2020-07-15,840
China,2021-03-19,840
Equatorial Guinea,2018-11-17,840
Guatemaia,2015-09-02,840
Denmark,2019-12-10,841
Gabon,2021-03-24,842
Bulgaria,2010-02-25,843
Democratic Republic of the Congo,2019-11-04,843
Ethiopia,2020-07-15,844
Canada,2013-02-05,845
Croatia,2013-01-18,845
France,2019-07-07,845
Chad,2011-07-30,846
Guatemaia,2015-12-06,846
Croatia,2011-10-19,846
Albania,2017-01-20,847
Costa Rica,2012-06-21,847
Egypt,2020-04-23,847
Argentina,2020-08-28,848
Ecuador,2016-04-13,848
Estonia,2010-02-25,848
France,2010-07-19,848
Germany,2011-10-19,848
Germany,2020-04-23,848
Guinea,2019-12-10,849
Ethiopia,2011-10-19,849
El Salvador,2014-06-25,851
Germany,2019-01-12,851
Georgia,2020-10-26,851
China,2017-06-12,851
Democratic Republic of the Congo,2013-01-18,852
China,2011-07-21,852
Germany,2019-12-10,852
Djibouti,2010-05-25,853
Finland,2015-06-20,854
Canada,2011-04-29,855
Colombia,2018-10-06,855
Greece,2013-02-05,855
Croatia,2019-12-10,855
Congo (Congo-Brazzaville),2021-03-19,857
Chad,2012-01-21,860
Denmark,2011-04-29,861
Ecuador,2012-06-21,863
Amenia,2017-06-12,863
Barbados,2017-06-12,864
Bahrain,2012-01-03,865
Democratic Republic of the Congo,2014-11-16,865
Albania,2011-04-29,865
Georgia,2013-01-18,866
Bahama,2015-12-06,866
Fiji,2015-09-02,867
Guinea,2019-11-04,867
Comoros,2012-01-03,869
Congo (Congo-Brazzaville),2014-11-16,870
Grenada,2010-02-25,871
Fiji,2014-11-16,872
Brazil,2013-05-14,872
Cuba,2021-03-19,872
Central African Republic,2016-03-08,873
Dominican Republic,2017-01-20,874
France,2020-04-23,875
Ghana,2013-09-05,875
Gabon,2016-07-12,876
Austria,2014-08-06,876
Bahama,2011-04-29,876
Gabon,2015-09-02,876
Eritrea,2016-03-08,879
Argentina,2013-09-05,879
Eritrea,2021-03-24,881
Amdorra,2014-08-06,881
Bulgaria,2019-11-04,881
Bahama,2012-09-07,882
Cuba,2013-08-22,884
Dominican Republic,2010-05-25,885
Ecuador,2010-07-19,885
Chile,2020-04-23,886
Greece,2011-02-22,886
Congo (Congo-Brazzaville),2010-06-16,887
Costa Rica,2010-07-19,888
Dominica,2010-02-25,888
Canada,2021-03-19,889
Amenia,2019-07-07,889
Finland,2020-04-23,889
Greece,2016-03-08,889
Greece,2020-07-15,890
Dominica,2019-12-10,891
Germany,2016-12-04,891
Djibouti,2010-02-25,892
Djibouti,2013-08-22,892
Central African Republic,2019-01-12,892
Albania,2012-12-30,892
Comoros,2012-09-07,893
China,2015-06-20,893
Equatorial Guinea,2019-07-07,893
Democratic Republic of the Congo,2018-10-06,893
Germany,2012-01-21,894
Chile,2015-09-02,895
Amenia,2019-01-09,895
China,2019-11-04,896
El Salvador,2013-08-22,896
Dominican Republic,2014-06-25,897
El Salvador,2019-11-04,897
Estonia,2013-09-05,898
Dominica,2016-03-08,898
Cabo Verde,2021-03-24,899
Barbados,2010-02-25,899
Grenada,2012-01-21,901
Cyprus,2020-10-26,901
Eritrea,2018-10-06,903
Croatia,2020-08-28,904
Costa Rica,2013-01-18,905
Denmark,2021-03-19,908
Chile,2016-03-08,908
Central African Republic,2010-06-16,908
Ethiopia,2016-08-20,909
Colombia,2012-09-07,912
Egypt,2018-11-17,912
Colombia,2016-12-04,912
Cyprus,2010-07-19,912
Amdorra,2012-01-21,913
Gabon,2012-06-21,914
Georgia,2011-10-19,915
Estonia,2010-07-19,916
Finland,2011-10-19,917
France,2017-01-20,917
Fiji,2019-01-09,919
Cambodia,2013-05-14,919
Grenada,2011-10-19,920
Central African Republic,2020-08-28,921
Equatorial Guinea,2013-01-18,921
Eritrea,2012-06-21,923
Germany,2010-05-25,923
Chad,2016-12-04,924
Congo (Congo-Brazzaville),2012-06-21,925
Amenia,2012-12-30,925
Chad,2014-11-16,925
Equatorial Guinea,2018-10-06,925
Albania,2012-09-07,925
Fiji,2012-01-03,926
Comoros,2017-01-20,927
Amenia,2015-09-02,927
Finland,2016-04-13,927
Guinea,2013-09-05,927
Denmark,2011-11-20,928
Estonia,2016-03-08,928
Fiji,2012-12-30,928
Gabon,2010-07-19,928
Albania,2014-09-21,928
Estonia,2011-04-29,929
Chile,2011-10-19,929
Amdorra,2019-12-10,929
Barbados,2020-02-27,930
Congo (Congo-Brazzaville),2017-01-20,931
Greece,2020-08-28,932
Djibouti,2011-10-19,932
Chile,2013-08-22,932
Argentina,2012-01-21,934
Guatemaia,2020-04-23,934
Chile,2014-06-25,934
Chad,2020-04-23,934
Gabon,2011-11-20,935
Barbados,2015-09-02,936
Ghana,2021-03-19,936
Congo (Congo-Brazzaville),2010-02-25,936
Amenia,2014-10-21,937
Guatemaia,2010-02-25,937
Gabon,2011-04-29,937
Cuba,2014-08-06,938
Grenada,2014-10-21,938
Canada,2021-03-24,939
Argentina,2016-12-04,939
Bahama,2013-08-22,940
Austria,2010-06-16,941
Greece,2020-10-26,942
Eswatini (fmr.Swaziland),2019-11-04,942
Ethiopia,2011-02-22,944
Central African Republic,2020-04-23,945
Brazil,2010-06-16,945
Czechia (Czech Republic),2010-07-19,945
Canada,2020-07-15,945
Georgia,2010-05-25,945
Czechia (Czech Republic),2015-12-06,947
Argentina,2017-06-12,948
Chile,2019-01-09,948
Bahama,2020-04-23,950
Guinea,2010-02-25,950
Chile,2014-09-21,952
Czechia (Czech Republic),2012-09-07,952
France,2012-06-21,954
Eswatini (fmr.Swaziland),2010-07-19,954
Georgia,2013-05-14,954
Chile,2016-12-04,954
Brazil,2020-04-23,955
Amdorra,2015-06-20,956
Dominica,2017-06-12,956
Amenia,2021-03-19,957
Ethiopia,2010-06-16,957
Chad,2016-03-08,957
Chad,2016-04-13,958
Equatorial Guinea,2013-02-05,958
Dominican Republic,2019-12-10,958
El Salvador,2014-08-06,959
Brazil,2014-08-06,960
Bulgaria,2011-02-22,961
Eswatini (fmr.Swaziland),2018-10-06,961
Gabon,2015-12-06,961
Djibouti,2014-11-16,962
Barbados,2011-07-21,962
Eswatini (fmr.Swaziland),2020-10-26,963
Dominica,2020-07-15,964
Equatorial Guinea,2014-08-06,965
Eritrea,2014-11-16,965
Canada,2012-06-21,965
Fiji,2019-07-07,965
Bulgaria,2019-01-09,965
Eritrea,2015-06-20,966
Dominica,2012-12-30,967
Colombia,2014-09-21,968
El Salvador,2013-05-14,969
Equatorial Guinea,2014-06-25,969
Ghana,2019-11-04,969
Colombia,2013-05-14,969
Democratic Republic of the Congo,2020-08-28,971
Germany,2016-08-20,971
Gabon,2011-07-21,971
Amenia,2013-08-22,971
Cabo Verde,2011-11-20,971
Central African Republic,2010-05-25,973
Austria,2011-04-29,973
Ethiopia,2012-12-30,973
Cuba,2011-07-30,973
Finland,2011-07-30,974
Equatorial Guinea,2010-07-19,974
Amdorra,2020-02-27,974
Chile,2012-12-30,976
Costa Rica,2020-08-28,977
Guinea,2012-12-30,977
Central African Republic,2020-10-26,977
Grenada,2013-08-22,977
Bahama,2012-01-21,978
Amenia,2015-06-20,979
Bahrain,2020-07-15,979
Colombia,2011-07-21,979
Germany,2017-01-20,979
Cambodia,2012-12-30,979
Cabo Verde,2019-11-04,980
Central African Republic,2013-08-22,980
Equatorial Guinea,2016-07-12,981
Dominican Republic,2013-01-18,981
Gabon,2016-04-13,982
Dominican Republic,2014-09-21,982
Brazil,2016-12-04,982
Finland,2014-08-06,982
Gambia,2011-02-22,983
Argentina,2014-09-21,983
Denmark,2015-12-06,983
Barbados,2016-07-12,983
Eritrea,2018-11-17,987
Dominican Republic,2012-09-07,987
Cambodia,2018-10-06,988
Democratic Republic of the Congo,2011-11-20,989
Ghana,2016-03-08,990
Gabon,2012-12-30,991
Bulgaria,2010-06-16,991
Democratic Republic of the Congo,2021-03-24,992
Bahrain,2014-10-21,992
Eswatini (fmr.Swaziland),2015-09-02,992
Austria,2010-02-25,993
Canada,2019-11-04,993
Canada,2011-11-20,994
Croatia,2011-04-29,994
Ghana,2015-09-02,994
Croatia,2012-12-30,996
Barbados,2012-09-07,996
Brazil,2013-08-22,997
Canada,2020-10-26,997
Democratic Republic of the Congo,2010-06-16,998
Brazil,2011-04-29,998
Brazil,2020-08-28,999
Cyprus,2012-12-30,999
Georgia,2012-08-19,999
Colombia,2011-02-22,1001
Colombia,2011-11-20,1002
Gambia,2017-06-12,1003
Costa Rica,2012-09-07,1003
Egypt,2020-07-15,1004
Barbados,2011-02-22,1004
Grenada,2018-10-06,1005
Cuba,2011-04-29,1007
Gabon,2013-08-22,1007
Brazil,2019-07-07,1007
Bahrain,2011-07-30,1007
Ethiopia,2014-08-06,1007
Djibouti,2016-07-12,1008
Equatorial Guinea,2019-12-10,1009
France,2019-01-09,1010
Cabo Verde,2012-06-21,1010
Albania,2014-06-25,1011
Canada,2012-08-19,1012
Germany,2013-08-22,1012
Brazil,2013-01-18,1015
Ecuador,2016-07-12,1016
Comoros,2014-09-21,1016
Grenada,2021-03-19,1016
Guinea,2015-06-20,1016
Guinea,2017-06-12,1016
Gambia,2016-04-13,1016
Equatorial Guinea,2010-06-16,1018
Chad,2011-11-20,1018
Congo (Congo-Brazzaville),2012-01-03,1018
Brazil,2011-07-21,1020
Cyprus,2019-01-09,1022
Canada,2014-09-21,1024
Bahama,2016-04-13,1024
Congo (Congo-Brazzaville),2019-01-12,1024
Guatemaia,2012-08-19,1024
Costa Rica,2011-11-20,1025
Dominica,2010-06-16,1025
China,2016-03-08,1025
Fiji,2020-02-27,1026
Guinea,2021-03-19,1027
Comoros,2010-07-19,1027
Ghana,2016-04-13,1028
Amdorra,2016-07-12,1028
Canada,2013-01-18,1028
Ethiopia,2011-07-21,1031
Amenia,2013-09-05,1032
Amdorra,2013-02-05,1032
Djibouti,2016-03-08,1032
Cambodia,2011-04-29,1033
Equatorial Guinea,2020-10-26,1033
Georgia,2019-07-07,1034
Egypt,2011-07-30,1036
Bahama,2014-08-06,1036
Argentina,2012-12-30,1037
Georgia,2012-06-21,1039
Guinea,2020-10-26,1039
Argentina,2020-02-27,1040
Ghana,2014-11-16,1041
Cambodia,2012-01-21,1041
Germany,2011-04-29,1041
Austria,2015-06-20,1041
Congo (Congo-Brazzaville),2010-05-25,1042
Chad,2015-06-20,1042
Argentina,2011-10-19,1043
Cuba,2012-01-21,1044
Dominican Republic,2013-08-22,1044
Fiji,2021-03-19,1044
Brazil,2015-12-06,1044
Eritrea,2012-12-30,1044
Gambia,2016-07-12,1044
Chile,2020-08-28,1045
Comoros,2014-11-16,1047
Canada,2011-02-22,1048
Bahrain,2016-08-20,1051
Cambodia,2013-02-05,1053
France,2015-06-20,1053
Estonia,2011-07-21,1055
Georgia,2017-01-20,1058
Germany,2013-05-14,1059
Djibouti,2020-10-26,1060
Costa Rica,2016-07-12,1060
Ecuador,2019-07-07,1061
Canada,2012-01-03,1061
Gambia,2011-04-29,1063
Gabon,2012-08-19,1064
Germany,2013-01-18,1065
Costa Rica,2017-01-20,1066
Dominican Republic,2017-06-12,1066
Democratic Republic of the Congo,2016-03-08,1066
Cabo Verde,2014-08-06,1067
Bahama,2013-01-18,1067
Costa Rica,2021-03-19,1068
Eritrea,2011-11-20,1068
Equatorial Guinea,2011-07-30,1069
Gambia,2013-08-22,1071
Costa Rica,2014-10-21,1071
Chad,2013-08-22,1072
Guatemaia,2010-07-19,1073
El Salvador,2012-01-21,1073
Costa Rica,2020-07-15,1074
Bulgaria,2010-07-19,1075
Cabo Verde,2017-06-12,1075
Dominica,2012-09-07,1077
Brazil,2018-11-17,1077
Denmark,2016-03-08,1078
Grenada,2014-08-06,1079
Estonia,2017-01-20,1079
Djibouti,2019-01-09,1079
Costa Rica,2011-07-21,1080
Bahama,2015-09-02,1081
Democratic Republic of the Congo,2015-12-06,1081
Congo (Congo-Brazzaville),2012-01-21,1082
Egypt,2020-02-27,1083
France,2013-08-22,1083
Egypt,2010-05-25,1084
Central African Republic,2014-06-25,1084
Greece,2012-08-19,1086
Cyprus,2020-04-23,1087
Cabo Verde,2015-06-20,1087
Czechia (Czech Republic),2016-08-20,1088
Czechia (Czech Republic),2017-06-12,1089
Barbados,2012-06-21,1090
Bahrain,2011-11-20,1090
Guatemaia,2012-01-03,1091
Ecuador,2013-08-22,1091
Egypt,2011-10-19,1091
China,2018-10-06,1091
Barbados,2010-06-16,1092
China,2014-09-21,1093
Bahrain,2016-04-13,1093
Eritrea,2021-03-19,1093
Fiji,2016-04-13,1094
Democratic Republic of the Congo,2015-09-02,1094
France,2011-02-22,1094
Albania,2020-10-26,1095
Bulgaria,2014-10-21,1096
Georgia,2021-03-24,1096
Germany,2012-01-03,1096
Amenia,2020-07-15,1096
Denmark,2010-05-25,1096
Eswatini (fmr.Swaziland),2014-09-21,1098
Ecuador,2020-10-26,1098
Guatemaia,2014-08-06,1099
Eritrea,2019-07-07,1100
Georgia,2019-12-10,1100
Greece,2014-06-25,1101
Cambodia,2014-10-21,1101
Cambodia,2019-01-09,1101
Guinea,2015-12-06,1104
Greece,2011-07-21,1104
Cabo Verde,2019-12-10,1105
Croatia,2016-08-20,1105
China,2011-04-29,1106
Guatemaia,2013-05-14,1106
Amdorra,2013-01-18,1106
Brazil,2014-06-25,1107
Cabo Verde,2020-08-28,1107
Croatia,2021-03-24,1107
Gabon,2014-08-06,1108
Bahrain,2012-12-30,1108
Greece,2021-03-24,1108
Bahama,2012-06-21,1108
Cuba,2018-10-06,1108
Comoros,2011-07-21,1109
Costa Rica,2020-04-23,1109
Gabon,2020-02-27,1111
Bulgaria,2019-12-10,1111
Congo (Congo-Brazzaville),2011-02-22,1111
Chile,2010-05-25,1112
Equatorial Guinea,2011-07-21,1113
Finland,2013-01-18,1114
Denmark,2021-03-24,1114
Amenia,2016-07-12,1114
Guinea,2012-01-21,1116
Cabo Verde,2016-07-12,1116
Guatemaia,2013-01-18,1116
Guatemaia,2019-11-04,1118
Czechia (Czech Republic),2016-03-08,1119
Austria,2014-09-21,1119
China,2010-02-25,1120
Gambia,2014-09-21,1120
Grenada,2014-06-25,1122
Austria,2012-12-30,1122
Amenia,2020-08-28,1124
Cuba,2010-06-16,1124
Barbados,2012-01-21,1124
Fiji,2018-11-17,1125
Germany,2010-06-16,1125
Croatia,2014-06-25,1127
Denmark,2010-02-25,1128
Estonia,2012-08-19,1129
Eritrea,2019-11-04,1129
Democratic Republic of the Congo,2013-09-05,1129
El Salvador,2010-02-25,1130
Cyprus,2015-12-06,1131
China,2019-01-12,1131
Austria,2012-08-19,1132
Canada,2012-01-21,1132
Gambia,2012-12-30,1134
Bulgaria,2015-12-06,1135
Cuba,2020-07-15,1135
Colombia,2014-10-21,1136
Costa Rica,2018-10-06,1137
Grenada,2016-12-04,1138
Canada,2013-08-22,1138
Ghana,2013-08-22,1138
Chad,2014-08-06,1138
Georgia,2020-02-27,1139
Dominica,2013-02-05,1139
China,2013-08-22,1140
Ghana,2014-10-21,1140
Gambia,2011-10-19,1142
China,2016-04-13,1142
Bahrain,2013-05-14,1143
Barbados,2015-06-20,1143
Comoros,2015-06-20,1144
Gambia,2020-08-28,1145
Albania,2016-07-12,1145
Chad,2015-09-02,1146
Democratic Republic of the Congo,2020-10-26,1148
El Salvador,2012-01-03,1149
Croatia,2010-05-25,1150
Ethiopia,2016-12-04,1150
Dominica,2020-04-23,1151
Cyprus,2012-01-03,1151
Estonia,2019-01-09,1151
Eritrea,2012-01-03,1152
Estonia,2014-06-25,1152
Eritrea,2014-06-25,1153
Ethiopia,2016-07-12,1153
Bahama,2018-10-06,1154
Amenia,2012-06-21,1154
Argentina,2013-08-22,1155
Amdorra,2014-09-21,1156
Bahrain,2014-08-06,1158
Ecuador,2010-05-25,1160
Ghana,2014-06-25,1160
Dominican Republic,2013-09-05,1161
Argentina,2013-01-18,1163
Denmark,2020-08-28,1164
Chile,2011-07-30,1164
Grenada,2019-07-07,1165
Bahrain,2010-02-25,1165
Gambia,2014-06-25,1168
Eswatini (fmr.Swaziland),2020-02-27,1168
Congo (Congo-Brazzaville),2013-01-18,1168
Croatia,2012-09-07,1169
El Salvador,2018-10-06,1171
Cyprus,2011-02-22,1171
Greece,2019-12-10,1172
Egypt,2017-01-20,1172
El Salvador,2014-11-16,1172
Guatemaia,2020-10-26,1173
Germany,2012-06-21,1173
Colombia,2021-03-24,1173
Chile,2020-10-26,1174
Bahrain,2020-10-26,1174
Chad,2012-09-07,1175
Comoros,2019-07-07,1175
Germany,2010-07-19,1175
Chad,2010-02-25,1175
Cyprus,2018-10-06,1176
Austria,2011-07-30,1176
Chad,2014-10-21,1176
Cabo Verde,2014-06-25,1177
Egypt,2015-06-20,1179
Brazil,2011-11-20,1179
Dominica,2011-07-21,1179
Djibouti,2010-07-19,1180
Cabo Verde,2018-10-06,1180
Ethiopia,2017-01-20,1180
Equatorial Guinea,2020-04-23,1180
Central African Republic,2012-12-30,1183
Austria,2020-02-27,1184
Greece,2014-08-06,1184
Cambodia,2020-02-27,1185
Estonia,2017-06-12,1185
Argentina,2016-03-08,1185
Austria,2010-05-25,1185
Comoros,2019-12-10,1186
Dominica,2011-02-22,1186
Czechia (Czech Republic),2015-09-02,1187
Cyprus,2016-08-20,1187
France,2019-12-10,1187
Dominican Republic,2019-01-09,1189
Cuba,2020-10-26,1189
Denmark,2012-06-21,1192
Democratic Republic of the Congo,2012-12-30,1193
Ecuador,2020-04-23,1193
Dominican Republic,2020-10-26,1194
Georgia,2019-11-04,1194
Croatia,2010-06-16,1194
Ecuador,2019-01-09,1195
China,2014-08-06,1196
Equatorial Guinea,2012-01-03,1196
Argentina,2018-11-17,1196
Bahrain,2014-06-25,1197
Guatemaia,2016-03-08,1197
Finland,2015-12-06,1197
Chad,2010-07-19,1198
Gabon,2019-12-10,1199
Barbados,2013-02-05,1200
Central African Republic,2012-09-07,1201
Eritrea,2016-07-12,1202
Germany,2014-08-06,1202
France,2011-04-29,1204
Colombia,2020-07-15,1204
Ghana,2019-07-07,1205
Austria,2014-11-16,1208
El Salvador,2015-09-02,1208
Ethiopia,2010-07-19,1209
Estonia,2013-02-05,1209
Cyprus,2019-01-12,1210
Guinea,2016-04-13,1212
Denmark,2016-04-13,1212
Cyprus,2015-06-20,1212
Eritrea,2010-02-25,1212
Guatemaia,2017-01-20,1212
Egypt,2012-12-30,1213
Cambodia,2013-01-18,1214
Amenia,2013-01-18,1214
Djibouti,2012-06-21,1215
Albania,2011-07-21,1216
Cuba,2014-06-25,1217
Barbados,2012-08-19,1217
Cyprus,2012-06-21,1217
Central African Republic,2016-07-12,1219
Ecuador,2014-10-21,1219
Congo (Congo-Brazzaville),2013-05-14,1219
Central African Republic,2011-11-20,1220
Comoros,2010-06-16,1221
China,2015-09-02,1222
Colombia,2016-07-12,1223
Denmark,2018-10-06,1223
Gambia,2012-01-03,1224
Dominican Republic,2014-10-21,1224
Czechia (Czech Republic),2019-07-07,1225
Djibouti,2011-07-21,1225
Cyprus,2011-07-30,1226
Costa Rica,2013-09-05,1226
Democratic Republic of the Congo,2021-03-19,1228
Barbados,2014-09-21,1228
Gabon,2010-05-25,1229
Central African Republic,2012-01-21,1232
Albania,2020-02-27,1232
Greece,2012-01-21,1232
Equatorial Guinea,2014-11-16,1233
Cabo Verde,2013-09-05,1233
Equatorial Guinea,2020-08-28,1234
Dominican Republic,2012-01-03,1234
Guatemaia,2020-02-27,1235
Congo (Congo-Brazzaville),2018-10-06,1235
Congo (Congo-Brazzaville),2020-04-23,1236
Finland,2014-11-16,1236
Eritrea,2011-07-21,1237
Brazil,2013-09-05,1237
Djibouti,2018-11-17,1237
Egypt,2018-10-06,1238
France,2011-11-20,1238
Czechia (Czech Republic),2011-02-22,1238
Germany,2010-02-25,1240
Cambodia,2013-09-05,1241
Eswatini (fmr.Swaziland),2020-08-28,1242
Cabo Verde,2013-05-14,1243
Djibouti,2011-04-29,1243
Ethiopia,2014-09-21,1244
Cyprus,2011-04-29,1245
Greece,2013-09-05,1246
Albania,2012-01-21,1246
Djibouti,2012-01-03,1246
Ecuador,2020-08-28,1247
Ethiopia,2011-11-20,1247
Ecuador,2021-03-24,1248
Bahama,2016-07-12,1248
Georgia,2013-02-05,1249
Eswatini (fmr.Swaziland),2016-03-08,1250
Croatia,2011-02-22,1251
Gambia,2010-02-25,1253
Austria,2019-11-04,1253
Egypt,2019-01-12,1253
Amenia,2020-04-23,1254
Eritrea,2017-01-20,1255
Ghana,2012-08-19,1255
Central African Republic,2017-06-12,1256
France,2020-10-26,1256
Fiji,2014-09-21,1258
Bahrain,2011-02-22,1259
Brazil,2015-06-20,1260
Eritrea,2011-10-19,1260
Bahama,2018-11-17,1261
Argentina,2012-08-19,1261
Dominican Republic,2012-08-19,1261
Egypt,2012-01-03,1262
Bulgaria,2020-10-26,1263
Cambodia,2016-03-08,1263
Croatia,2012-06-21,1264
Bulgaria,2013-01-18,1264
China,2016-12-04,1264
Chile,2015-06-20,1265
Eswatini (fmr.Swaziland),2012-01-21,1268
Eritrea,2012-01-21,1268
Egypt,2016-08-20,1268
Germany,2012-12-30,1268
Eswatini (fmr.Swaziland),2014-08-06,1269
China,2012-01-03,1270
Austria,2013-01-18,1270
Bahrain,2014-09-21,1272
Egypt,2015-12-06,1272
Estonia,2014-08-06,1273
Chile,2015-12-06,1274
Eritrea,2013-02-05,1274
Czechia (Czech Republic),2020-08-28,1274
El Salvador,2019-07-07,1275
Costa Rica,2017-06-12,1277
Bahama,2020-10-26,1277
Amenia,2013-05-14,1278
Central African Republic,2021-03-24,1278
Cabo Verde,2010-05-25,1280
Bahama,2011-02-22,1281
Cuba,2020-02-27,1282
Canada,2019-07-07,1282
Ecuador,2014-08-06,1282
Guinea,2018-11-17,1283
Czechia (Czech Republic),2012-12-30,1283
Amenia,2011-07-21,1283
Democratic Republic of the Congo,2017-06-12,1284
Bulgaria,2020-02-27,1285
Egypt,2016-03-08,1285
Comoros,2021-03-19,1287
Central African Republic,2013-09-05,1288
Guinea,2012-01-03,1290
Cabo Verde,2014-10-21,1290
Congo (Congo-Brazzaville),2021-03-24,1291
Ecuador,2012-01-03,1291
El Salvador,2011-10-19,1293
Ghana,2014-08-06,1293
Ghana,2011-07-30,1294
Czechia (Czech Republic),2010-02-25,1295
Croatia,2016-04-13,1295
Cabo Verde,2015-12-06,1296
Ghana,2014-09-21,1297
Barbados,2013-08-22,1299
Egypt,2013-05-14,1301
Denmark,2017-01-20,1301
Djibouti,2011-07-30,1301
Djibouti,2010-06-16,1302
El Salvador,2016-08-20,1304
Colombia,2013-02-05,1304
Bahama,2014-09-21,1305
Bulgaria,2018-11-17,1305
Austria,2013-02-05,1306
Chile,2019-01-12,1306
Comoros,2011-11-20,1307
Gambia,2015-09-02,1308
Bahama,2019-01-12,1308
Fiji,2019-12-10,1308
Bulgaria,2017-01-20,1308
Democratic Republic of the Congo,2017-01-20,1308
Ghana,2011-02-22,1309
Georgia,2019-01-09,1309
Croatia,2019-01-09,1310
Barbados,2016-04-13,1310
Gabon,2019-11-04,1311
Fiji,2016-08-20,1312
Denmark,2015-06-20,1312
Chad,2010-05-25,1314
Argentina,2010-02-25,1314
Comoros,2020-10-26,1315
Croatia,2010-02-25,1315
France,2013-09-05,1316
Djibouti,2014-10-21,1318
Colombia,2011-04-29,1320
Guatemaia,2011-11-20,1321
Amdorra,2012-09-07,1321
Bahama,2015-06-20,1322
Argentina,2017-01-20,1322
Austria,2011-11-20,1324
Djibouti,2013-02-05,1325
Ghana,2011-04-29,1325
Costa Rica,2019-01-12,1326
Greece,2016-07-12,1327
Albania,2010-07-19,1328
Cabo Verde,2019-07-07,1330
Argentina,2019-12-10,1330
Bahrain,2019-01-09,1331
Bulgaria,2016-12-04,1331
Argentina,2014-08-06,1332
Germany,2021-03-24,1333
Guatemaia,2012-12-30,1334
Czechia (Czech Republic),2012-06-21,1335
Eswatini (fmr.Swaziland),2013-08-22,1336
Cabo Verde,2016-04-13,1336
Cambodia,2019-01-12,1337
Argentina,2010-05-25,1337
Guatemaia,2015-06-20,1339
Canada,2020-02-27,1339
Costa Rica,2013-08-22,1339
Canada,2015-12-06,1339
Canada,2014-06-25,1340
Bahrain,2010-05-25,1340
Cyprus,2014-08-06,1342
Central African Republic,2014-08-06,1342
Amdorra,2019-01-12,1342
Austria,2019-01-09,1343
Barbados,2021-03-24,1344
Eritrea,2020-10-26,1344
Croatia,2013-09-05,1344
Barbados,2014-10-21,1344
Greece,2011-04-29,1344
China,2014-11-16,1344
Colombia,2019-01-12,1346
Eritrea,2010-07-19,1346
Denmark,2019-07-07,1347
France,2014-11-16,1347
Estonia,2011-02-22,1350
Amenia,2010-06-16,1350
Costa Rica,2019-01-09,1351
Ghana,2015-12-06,1352
Gabon,2014-11-16,1355
Cyprus,2017-06-12,1356
France,2013-02-05,1359
Colombia,2020-02-27,1360
Amdorra,2011-11-20,1360
Chad,2019-07-07,1361
Denmark,2014-08-06,1361
Amdorra,2012-08-19,1363
El Salvador,2020-07-15,1363
Guinea,2012-08-19,1363
Argentina,2019-11-04,1364
El Salvador,2016-03-08,1365
Egypt,2011-07-21,1366
Guatemaia,2016-08-20,1367
Cuba,2010-05-25,1367
Bahrain,2019-12-10,1368
Egypt,2016-12-04,1368
Grenada,2011-11-20,1369
Central African Republic,2015-06-20,1370
Guinea,2020-08-28,1371
Chad,2021-03-19,1371
Guinea,2019-01-09,1373
Dominican Republic,2016-07-12,1373
Chad,2012-01-03,1373
Chile,2012-08-19,1374
Brazil,2011-10-19,1376
Canada,2011-07-21,1377
Congo (Congo-Brazzaville),2013-02-05,1378
Gabon,2011-10-19,1379
Gambia,2017-01-20,1379
Chad,2020-10-26,1379
Czechia (Czech Republic),2016-12-04,1381
Albania,2019-11-04,1383
Estonia,2018-10-06,1383
Congo (Congo-Brazzaville),2019-07-07,1384
El Salvador,2019-01-09,1384
Cambodia,2014-08-06,1385
China,2020-07-15,1386
Estonia,2010-05-25,1388
El Salvador,2017-01-20,1388
Guinea,2011-07-30,1388
Equatorial Guinea,2019-01-09,1390
Bulgaria,2014-08-06,1390
Barbados,2020-07-15,1390
Bulgaria,2012-01-03,1395
Bahama,2016-03-08,1395
Ghana,2017-06-12,1396
Colombia,2017-01-20,1396
Guinea,2013-05-14,1396
Djibouti,2012-08-19,1398
Amdorra,2011-10-19,1399
Cabo Verde,2019-01-12,1399
Albania,2014-11-16,1400
Eswatini (fmr.Swaziland),2013-02-05,1402
Estonia,2013-01-18,1404
Germany,2013-09-05,1405
Ghana,2011-10-19,1406
Georgia,2012-01-21,1409
Albania,2019-01-12,1409
Colombia,2019-01-09,1410
Djibouti,2014-06-25,1410
Bahama,2011-07-21,1410
Colombia,2014-06-25,1411
Canada,2019-01-12,1412
Eritrea,2016-04-13,1412
Czechia (Czech Republic),2019-01-09,1413
Finland,2014-06-25,1413
Comoros,2011-02-22,1414
Eritrea,2020-02-27,1414
Costa Rica,2015-12-06,1414
Gabon,2014-10-21,1414
Democratic Republic of the Congo,2018-11-17,1415
Democratic Republic of the Congo,2011-04-29,1415
Denmark,2011-02-22,1416
Bahrain,2016-07-12,1417
Cabo Verde,2011-07-21,1419
Amenia,2019-11-04,1419
Colombia,2012-12-30,1419
Costa Rica,2011-07-30,1419
Djibouti,2021-03-19,1420
Comoros,2014-08-06,1420
Ethiopia,2018-11-17,1421
Bulgaria,2014-11-16,1421
Czechia (Czech Republic),2014-06-25,1422
Eswatini (fmr.Swaziland),2012-12-30,1423
Argentina,2021-03-19,1423
Comoros,2011-10-19,1424
Denmark,2016-08-20,1424
Fiji,2020-04-23,1425
Gabon,2010-02-25,1425
China,2019-12-10,1428
Amdorra,2019-01-09,1429
Austria,2020-10-26,1431
Bulgaria,2021-03-19,1432
Germany,2015-06-20,1435
Dominican Republic,2020-07-15,1436
Bulgaria,2010-05-25,1437
Colombia,2011-07-30,1437
Dominican Republic,2012-12-30,1438
Georgia,2014-10-21,1438
Dominican Republic,2016-12-04,1438
Eswatini (fmr.Swaziland),2011-04-29,1438
Estonia,2013-08-22,1439
Central African Republic,2015-09-02,1440
Eswatini (fmr.Swaziland),2010-06-16,1442
Greece,2013-05-14,1442
Guatemaia,2014-06-25,1448
Gambia,2015-06-20,1451
Gabon,2012-01-03,1451
Croatia,2019-01-12,1451
Chad,2020-02-27,1452
Czechia (Czech Republic),2014-09-21,1453
Equatorial Guinea,2013-09-05,1457
Congo (Congo-Brazzaville),2011-07-21,1458
Cyprus,2020-07-15,1458
Chad,2012-08-19,1459
Cambodia,2010-02-25,1461
Cyprus,2016-03-08,1461
Ecuador,2013-09-05,1462
Chile,2013-02-05,1463
Congo (Congo-Brazzaville),2012-09-07,1464
Bulgaria,2019-01-12,1465
Georgia,2014-06-25,1466
Egypt,2011-04-29,1466
Greece,2020-02-27,1470
Guinea,2011-02-22,1471
Amdorra,2011-07-30,1472
Dominica,2013-05-14,1472
Dominica,2010-07-19,1476
Austria,2011-02-22,1477
Eritrea,2019-12-10,1478
Central African Republic,2017-01-20,1478
Ghana,2013-01-18,1478
Estonia,2012-09-07,1478
Amenia,2018-10-06,1479
Grenada,2020-07-15,1479
Eswatini (fmr.Swaziland),2021-03-19,1480
Eritrea,2015-12-06,1481
Brazil,2018-10-06,1482
Costa Rica,2020-10-26,1482
Gambia,2018-11-17,1482
Finland,2019-01-12,1483
Brazil,2012-06-21,1484
Amenia,2014-11-16,1484
Brazil,2016-04-13,1486
Bulgaria,2016-07-12,1489
Congo (Congo-Brazzaville),2014-06-25,1489
Albania,2016-12-04,1491
El Salvador,2019-01-12,1491
Finland,2017-01-20,1492
Dominican Republic,2019-11-04,1497
Fiji,2013-01-18,1498
Guinea,2013-01-18,1500
Finland,2011-11-20,1500
Bulgaria,2011-07-30,1501
Gabon,2012-09-07,1503
Ethiopia,2012-09-07,1504
Ghana,2012-12-30,1505
Amenia,2014-09-21,1508
Germany,2020-07-15,1509
Brazil,2016-07-12,1509
Dominican Republic,2013-05-14,1512
Grenada,2019-11-04,1513
Gabon,2014-09-21,1513
Fiji,2016-12-04,1515
Guatemaia,2010-05-25,1515
Bahama,2013-05-14,1516
Chile,2013-01-18,1517
Cambodia,2021-03-19,1518
Cabo Verde,2012-09-07,1519
Fiji,2013-09-05,1519
Ethiopia,2013-09-05,1520
Bulgaria,2015-06-20,1521
Dominica,2020-08-28,1523
Cyprus,2014-06-25,1523
Albania,2011-11-20,1523
Fiji,2014-10-21,1524
Egypt,2014-06-25,1527
Dominican Republic,2010-07-19,1530
Bulgaria,2011-04-29,1531
Dominica,2019-01-12,1533
Gabon,2020-07-15,1533
Germany,2011-07-30,1536
Germany,2019-01-09,1537
Equatorial Guinea,2012-01-21,1538
Ecuador,2012-12-30,1539
Costa Rica,2018-11-17,1540
Austria,2016-12-04,1540
France,2012-09-07,1540
Amenia,2018-11-17,1540
Amenia,2016-04-13,1541
Dominica,2011-04-29,1542
France,2020-02-27,1543
Greece,2015-06-20,1544
Albania,2016-04-13,1545
Bahrain,2012-09-07,1546
Grenada,2020-08-28,1547
Congo (Congo-Brazzaville),2014-09-21,1549
Bahrain,2014-11-16,1550
Brazil,2019-12-10,1551
Guinea,2010-05-25,1552
Chile,2012-06-21,1553
Albania,2010-06-16,1553
Amenia,2010-07-19,1554
Greece,2013-08-22,1556
Denmark,2015-09-02,1556
China,2016-07-12,1557
Barbados,2014-11-16,1560
Amenia,2016-12-04,1560
Equatorial Guinea,2017-06-12,1561
Brazil,2020-02-27,1561
Djibouti,2020-08-28,1561
Albania,2020-04-23,1561
Dominican Republic,2018-10-06,1562
Barbados,2014-06-25,1562
Egypt,2012-09-07,1563
Fiji,2017-01-20,1563
Ethiopia,2013-05-14,1563
France,2018-11-17,1565
Eswatini (fmr.Swaziland),2013-09-05,1567
Djibouti,2016-08-20,1569
Chad,2020-07-15,1572
Greece,2014-09-21,1572
Dominican Republic,2021-03-19,1575
Costa Rica,2014-08-06,1576
Amenia,2020-02-27,1577
Czechia (Czech Republic),2014-10-21,1578
Costa Rica,2021-03-24,1580
Fiji,2010-02-25,1580
Argentina,2016-07-12,1580
Costa Rica,2014-11-16,1580
Amenia,2013-02-05,1581
Ghana,2015-06-20,1581
Comoros,2012-01-21,1581
Czechia (Czech Republic),2020-10-26,1581
Democratic Republic of the Congo,2012-09-07,1584
Fiji,2015-12-06,1585
Eritrea,2013-08-22,1586
Ethiopia,2013-01-18,1587
Dominican Republic,2012-01-21,1588
Bahrain,2017-06-12,1588
Cyprus,2014-10-21,1589
Dominica,2021-03-24,1590
Gabon,2021-03-19,1591
Estonia,2020-07-15,1592
Comoros,2016-04-13,1600
Amenia,2011-11-20,1601
Georgia,2012-12-30,1602
Eritrea,2013-05-14,1606
Denmark,2011-07-21,1609
Ethiopia,2020-08-28,1609
Gabon,2014-06-25,1611
Gambia,2013-09-05,1612
Equatorial Guinea,2013-05-14,1612
Bahrain,2020-04-23,1614
Cyprus,2018-11-17,1614
Ghana,2012-01-21,1615
Denmark,2012-12-30,1616
Congo (Congo-Brazzaville),2015-09-02,1617
Cambodia,2016-04-13,1617
Georgia,2014-08-06,1618
China,2019-07-07,1619
Equatorial Guinea,2011-02-22,1619
Gambia,2020-07-15,1620
Czechia (Czech Republic),2015-06-20,1620
Djibouti,2011-02-22,1622
Czechia (Czech Republic),2013-01-18,1623
Equatorial Guinea,2016-04-13,1623
Guatemaia,2017-06-12,1625
El Salvador,2011-02-22,1627
Amenia,2020-10-26,1630
Barbados,2012-12-30,1630
Dominican Republic,2014-08-06,1632
Ecuador,2015-09-02,1634
Brazil,2019-01-12,1636
Cyprus,2016-12-04,1636
Amdorra,2010-05-25,1637
Congo (Congo-Brazzaville),2010-07-19,1638
China,2020-10-26,1638
Equatorial Guinea,2011-11-20,1640
Cuba,2012-06-21,1648
Czechia (Czech Republic),2014-08-06,1649
Egypt,2016-04-13,1651
Bahrain,2011-10-19,1654
Bahrain,2012-08-19,1655
Equatorial Guinea,2017-01-20,1655
Amenia,2012-01-21,1660
Czechia (Czech Republic),2016-07-12,1664
France,2011-07-30,1665
Costa Rica,2013-05-14,1665
Equatorial Guinea,2011-04-29,1665
Estonia,2018-11-17,1665
Bulgaria,2021-03-24,1669
Bahrain,2010-06-16,1669
Democratic Republic of the Congo,2016-12-04,1670
Denmark,2019-11-04,1671
Chile,2019-12-10,1673
Eswatini (fmr.Swaziland),2016-04-13,1677
Comoros,2015-12-06,1679
Croatia,2021-03-19,1682
Grenada,2010-05-25,1683
Central African Republic,2021-03-19,1685
Finland,2010-05-25,1686
Amdorra,2012-01-03,1688
Bulgaria,2016-04-13,1691
Amdorra,2020-08-28,1691
Canada,2019-12-10,1691
Eswatini (fmr.Swaziland),2019-07-07,1692
Cyprus,2014-09-21,1693
Canada,2015-06-20,1695
Ecuador,2010-02-25,1696
Cambodia,2014-11-16,1696
Finland,2012-01-21,1697
Bahrain,2015-12-06,1697
Democratic Republic of the Congo,2010-05-25,1697
Croatia,2014-08-06,1699
Djibouti,2016-04-13,1700
Canada,2012-12-30,1700
Comoros,2013-05-14,1703
Denmark,2017-06-12,1706
Central African Republic,2010-02-25,1708
Guinea,2014-10-21,1708
Georgia,2016-07-12,1708
Georgia,2017-06-12,1708
Gambia,2020-04-23,1711
Brazil,2020-07-15,1712
Colombia,2011-10-19,1712
Bulgaria,2012-01-21,1713
Gabon,2019-01-12,1713
Albania,2013-01-18,1715
France,2015-09-02,1715
Guatemaia,2011-02-22,1716
Estonia,2012-12-30,1717
Ghana,2017-01-20,1717
Guinea,2020-04-23,1718
Fiji,2012-06-21,1720
Ghana,2019-12-10,1721
Grenada,2015-12-06,1726
Democratic Republic of the Congo,2020-07-15,1726
France,2010-06-16,1729
Costa Rica,2010-05-25,1733
Egypt,2021-03-19,1736
Albania,2011-10-19,1739
Ethiopia,2014-06-25,1741
Democratic Republic of the Congo,2014-08-06,1743
Comoros,2010-02-25,1744
Amdorra,2014-06-25,1746
France,2018-10-06,1747
Cyprus,2011-10-19,1748
Canada,2010-06-16,1751
Democratic Republic of the Congo,2011-02-22,1754
Gabon,2011-07-30,1758
Bulgaria,2017-06-12,1758
Eritrea,2020-08-28,1763
France,2019-01-12,1766
Guinea,2014-11-16,1767
Djibouti,2020-07-15,1768
Brazil,2014-11-16,1769
Djibouti,2015-12-06,1770
Dominica,2012-08-19,1772
Colombia,2012-08-19,1773
Georgia,2011-04-29,1774
Egypt,2020-10-26,1775
Barbados,2013-05-14,1777
Guinea,2014-06-25,1777
Bahama,2021-03-19,1779
Georgia,2010-02-25,1780
Costa Rica,2020-02-27,1780
Fiji,2020-08-28,1784
El Salvador,2012-06-21,1784
Grenada,2013-02-05,1785
Ecuador,2014-09-21,1786
Dominica,2014-11-16,1786
Eswatini (fmr.Swaziland),2014-11-16,1790
Canada,2017-01-20,1791
Dominican Republic,2012-06-21,1792
Czechia (Czech Republic),2019-12-10,1792
Guatemaia,2014-10-21,1798
Fiji,2013-05-14,1798
Fiji,2016-03-08,1800
Austria,2015-09-02,1801
Brazil,2011-02-22,1801
Albania,2014-10-21,1802
Grenada,2016-04-13,1805
Estonia,2020-10-26,1807
Georgia,2013-09-05,1809
Cambodia,2012-06-21,1809
Croatia,2016-07-12,1809
Costa Rica,2010-06-16,1812
Barbados,2019-12-10,1813
Fiji,2012-01-21,1814
Comoros,2016-07-12,1814
Bahama,2019-01-09,1816
El Salvador,2017-06-12,1817
Ghana,2010-07-19,1819
Congo (Congo-Brazzaville),2013-08-22,1820
Finland,2013-02-05,1821
Ecuador,2012-09-07,1823
Germany,2014-10-21,1826
Ghana,2020-02-27,1828
Cuba,2021-03-24,1828
El Salvador,2010-05-25,1830
Argentina,2020-07-15,1831
Cuba,2014-09-21,1833
Argentina,2012-01-03,1834
Ghana,2018-11-17,1836
Chile,2012-01-03,1839
Brazil,2012-12-30,1840
Ghana,2016-12-04,1842
Eswatini (fmr.Swaziland),2017-01-20,1842
Finland,2019-01-09,1844
Bahrain,2015-06-20,1847
Croatia,2011-11-20,1847
Greece,2013-01-18,1851
Cuba,2018-11-17,1851
Dominican Republic,2015-12-06,1851
Grenada,2010-06-16,1851
Estonia,2019-11-04,1852
Colombia,2020-08-28,1852
Cyprus,2015-09-02,1854
Gabon,2019-01-09,1859
Albania,2020-07-15,1861
Congo (Congo-Brazzaville),2012-12-30,1863
Chile,2012-09-07,1865
Equatorial Guinea,2015-12-06,1867
Congo (Congo-Brazzaville),2020-10-26,1869
Dominican Republic,2015-06-20,1870
Colombia,2013-01-18,1873
Barbados,2013-01-18,1875
Estonia,2020-08-28,1883
Colombia,2016-04-13,1884
Austria,2016-08-20,1885
Guinea,2021-03-24,1886
Cambodia,2017-01-20,1886
Albania,2021-03-24,1887
Amenia,2021-03-24,1889
Ghana,2020-10-26,1889
Croatia,2013-05-14,1891
Argentina,2014-10-21,1894
Cambodia,2011-02-22,1896
Estonia,2016-12-04,1907
Albania,2015-06-20,1908
China,2014-06-25,1909
Finland,2020-07-15,1909
Ethiopia,2020-04-23,1910
Estonia,2015-06-20,1912
Barbados,2010-05-25,1912
Denmark,2020-04-23,1916
Cyprus,2016-04-13,1917
Canada,2018-10-06,1924
Cuba,2016-04-13,1925
Guinea,2020-02-27,1925
Dominican Republic,2016-04-13,1926
Egypt,2013-01-18,1931
Cambodia,2012-08-19,1932
Finland,2011-04-29,1933
Cabo Verde,2012-01-03,1933
Guinea,2011-10-19,1935
Chad,2012-12-30,1935
Central African Republic,2019-11-04,1935
Dominica,2018-11-17,1939
Brazil,2012-01-21,1947
Comoros,2019-01-12,1947
Eswatini (fmr.Swaziland),2019-01-12,1951
Chile,2016-08-20,1951
Eritrea,2011-04-29,1953
Croatia,2014-11-16,1955
Cabo Verde,2016-08-20,1957
Finland,2020-08-28,1960
Brazil,2021-03-24,1960
Bahama,2019-12-10,1961
China,2010-05-25,1970
Cambodia,2015-12-06,1977
Cambodia,2012-01-03,1978
Argentina,2019-07-07,1982
Grenada,2012-06-21,1989
Finland,2019-11-04,1989
Greece,2012-01-03,1994
Czechia (Czech Republic),2011-10-19,1995
Equatorial Guinea,2016-08-20,1999
Bahama,2013-09-05,2000
Ethiopia,2010-02-25,2002
Central African Republic,2012-01-03,2003
Gabon,2019-07-07,2003
Cuba,2016-12-04,2004
Costa Rica,2019-07-07,2005
Albania,2021-03-19,2007
Gabon,2018-11-17,2009
Croatia,2015-06-20,2011
China,2010-06-16,2012
Ethiopia,2021-03-19,2026
Finland,2020-10-26,2030
Grenada,2012-01-03,2033
Albania,2010-02-25,2035
Finland,2021-03-24,2037
El Salvador,2012-08-19,2037
Cambodia,2010-05-25,2039
Bahrain,2019-07-07,2045
Guinea,2014-08-06,2045
Barbados,2020-10-26,2045
Croatia,2020-04-23,2046
Equatorial Guinea,2019-01-12,2047
Democratic Republic of the Congo,2012-06-21,2048
Egypt,2017-06-12,2052
Bahrain,2017-01-20,2054
Austria,2016-07-12,2058
Amdorra,2019-11-04,2062
Gambia,2011-11-20,2067
Guinea,2010-06-16,2068
Amenia,2011-07-30,2072
Congo (Congo-Brazzaville),2011-10-19,2077
Cuba,2011-07-21,2079
Costa Rica,2015-06-20,2080
Dominica,2015-12-06,2092
Amdorra,2012-12-30,2097
Gambia,2012-01-21,2099
Canada,2016-07-12,2100
Ecuador,2013-01-18,2101
Colombia,2015-12-06,2104
Ethiopia,2012-01-21,2104
Germany,2016-04-13,2105
Cabo Verde,2011-02-22,2107
Amdorra,2018-10-06,2114
Czechia (Czech Republic),2010-06-16,2118
Amenia,2012-09-07,2123
Equatorial Guinea,2016-12-04,2123
Equatorial Guinea,2012-06-21,2126
Denmark,2013-02-05,2127
Dominica,2020-10-26,2131
Costa Rica,2011-04-29,2142
Fiji,2013-08-22,2145
Amdorra,2011-04-29,2153
Costa Rica,2016-03-08,2162
Eritrea,2010-06-16,2164
Austria,2020-08-28,2166
Finland,2011-07-21,2166
Canada,2019-01-09,2167
Cambodia,2015-06-20,2187
Guatemaia,2021-03-19,2189
Bahrain,2016-03-08,2190
Gambia,2013-05-14,2195
Argentina,2019-01-09,2196
Estonia,2011-07-30,2206
Eswatini (fmr.Swaziland),2011-07-21,2215
Cuba,2015-09-02,2216
France,2012-01-21,2224
Bulgaria,2018-10-06,2229
Brazil,2020-10-26,2230
Albania,2013-02-05,2241
France,2012-01-03,2250
Barbados,2020-08-28,2252
Estonia,2021-03-24,2266
Georgia,2012-01-03,2285
Egypt,2019-12-10,2287
Cyprus,2013-09-05,2300
Comoros,2013-01-18,2302
Czechia (Czech Republic),2019-11-04,2303
Ecuador,2011-11-20,2310
Fiji,2021-03-24,2313
Chad,2021-03-24,2314
Brazil,2014-10-21,2321
Amenia,2015-12-06,2326
Albania,2014-08-06,2327
Cambodia,2016-07-12,2332
Comoros,2012-12-30,2335
Austria,2017-01-20,2352
Bulgaria,2013-02-05,2386
China,2012-01-21,2391
Fiji,2014-06-25,2400
El Salvador,2013-01-18,2402
Eritrea,2015-09-02,2409
Eswatini (fmr.Swaziland),2015-12-06,2420
Guatemaia,2011-07-21,2426
Greece,2019-01-12,2435
Colombia,2016-03-08,2436
Equatorial Guinea,2014-09-21,2437
Amdorra,2014-10-21,2437
Egypt,2014-11-16,2440
Democratic Republic of the Congo,2012-01-03,2457
Georgia,2011-07-30,2470
Cyprus,2016-07-12,2470
Bahama,2012-08-19,2503
Ethiopia,2014-10-21,2521
Ethiopia,2011-07-30,2554
Congo (Congo-Brazzaville),2016-03-08,2569
Colombia,2020-04-23,2576
Central African Republic,2014-10-21,2595
El Salvador,2014-10-21,2599
Eritrea,2014-08-06,2612
Estonia,2014-11-16,2664
Brazil,2017-06-12,2666
Guatemaia,2011-10-19,2669
Bahama,2010-05-25,2732
Ghana,2010-02-25,2747
Ecuador,2017-06-12,2750
Bulgaria,2014-06-25,2751
Guatemaia,2016-04-13,2801
Barbados,2011-07-30,2863
Estonia,2014-10-21,2887
Chile,2010-02-25,2894
Greece,2010-02-25,2899
Ethiopia,2010-05-25,2986
Cabo Verde,2013-02-05,3004
Bulgaria,2016-08-20,3055
Croatia,2019-11-04,3142
Grenada,2011-02-22,3298
Dominican Republic,2010-02-25,3327
